"","content","评论时段"
"1","不行啊！这歌也太让人快乐了！洗澡的时候我直接扭成龙卷风！！！","2020及以后"
"2","这派对也太危险了，男孩子在外面玩一定要好好保护自己[惊恐]","2020及以后"
"3","“右手托住你的心跳”怎么……托?","2020及以后"
"4","你说你大姨妈走了让我晚上去你家宝守灵这活哥真干不了啊","2020及以后"
"5","托住你的心跳这句可太高情商了","2020及以后"
"10","如果你刷到我愿你嫁给爱情","2020及以后"
"11","经常在夏天深夜出门散心。平缓流淌的街灯和温暖的晚风，被熟悉的气味和环境唤醒回忆，很容易让人安静下来。这首歌的概念起源于在东京台场遛弯，最后一句歌词写成于北京穿过五四大街面对北海的瞬间。感谢音乐和互联网让我们天涯共此时。很想知道听到这首歌的各位，此刻正走在哪里呢","2020及以后"
"12","乐队的第一部长篇「夏日黄昏三部曲」的终章。讲完了一段感情从「挽回」到「告别」再到「释然」的三个故事。最终也一个人去了约定要一起去看的花火大会。啊，没什么了不起的，只是觉得好热。","2020及以后"
"13","摇滚人是燃着温柔之火的极端浪漫主义者","2020及以后"
"14","分享欲就是赤裸裸的告白","2020及以后"
"15","夏天的歌还是得交给夏企","2020及以后"
"16","这个周末一起早起打扫卫生吧，我愿意洗床单，你只需要在旁边拆好你的快递，收拾干净后洗个香香的热水澡，然后趁着时间还早，追着晚风去吃一顿大餐。虽然已经度过了缠绵的热恋期，但我仍旧赞扬你是世界最美丽。","2020及以后"
"17","三十而粒，你写世界正中。在足够漫长的时光中解构出自己生活的艺术，拥有过锋利的漂亮，要温柔地和生活和解。想要热气腾腾的爱，在夏天傍晚，为爱再跌痛一次。祝你在人生中一直拥有悠长假期，做春天的梦，吹夏天的风，收获秋天的果实，申请冬天的雪。很多世俗，不必烦恼，而生命一直是一条流动的河。","2020及以后"
"18","感觉她又和小女孩谈恋爱了。","2020及以后"
"19","上次粉丝说想和二十岁的陈粒谈恋爱，她说“师傅我现在也还可以的。”嗯真的很可以","2020及以后"
"20","高考成绩估570出来600，真有我的，这波啊，这波爷在世界之中","2020及以后"
"21","我看的最远的地方就是，平安回家！回到妈妈的身旁。父亲是烈士，我重启父亲警号，干了缉毒警。每次出任务，每次抓人的时候，我都是对自己说，我干这行的，我知道怎么做。总要有人去做的嘛。隐姓埋名好几年了，我想家了。","2020及以后"
"22","祝各位考生高考大捷，和自己喜欢的人一起去那远方","2020及以后"
"23","演唱会的现场版已经被我听了无数次，在每次因考试成绩崩溃时，我都会翻出演唱会的视频再听一遍，想着一定要坚持下去。明天就要高考了，当昨天的我看到了，你要重新唱这首歌时我真的很想哭。我觉得一切都是冥冥之中的，冥冥之中自有天意，今天这首歌发布，而我明天就要高考。","2020及以后"
"24","考试前:看得最远的地方，考试后:像我这样的人","2020及以后"
"25","正在听歌的那位，没错就是你，你以后绝对会有出息真的！","2020及以后"
"36","我是侯万军，我发誓这辈子一定要娶郝嘉璐，我会一点一点努力给她一个家.","2020及以后"
"37","侯万军，我想和你在一起很久很久，我爱你。","2020及以后"
"38","今天一出门，好冷，下意识掏出手机想叫你多穿点，才反应过来，没有身份了。","2020及以后"
"39","我宁愿相信妓院有处女也不相信爱情里有真情.","2020及以后"
"40","一群未成年故事比你爹都长的多.","2020及以后"
"76","相隔两个时空自己与自己的对话自己与自己的和解我们都有过想要回头抱抱那个曾经的自己的瞬间小王小王不慌不忙","2020及以后"
"77","晴天总比雨天多。——毛不易","2020及以后"
"78","如果我在角落里遇见她，我会告诉她:其实你很棒啊，要自信、勇敢，可我不会再遇见她；如果我在角落里遇见他，我会说出那句话，可我也不会再遇见他。","2020及以后"
"79","毛毛的新歌小王，舒缓的旋律没有什么起伏，不刻意收敛，也不哗众取宠，像一股清流从心上缓缓流过，毛毛自然而独特的为尾音，责是心里的小石头，轻轻敲打在心间，其实及其像极了他的个性.","2020及以后"
"80","小王小王我是小王再说一遍我是小王","2020及以后"
"81","啊啊啊啊啊啊斗牛！太炸了！都去看视频啊！一得要看视频啊！这是什么神仙表演！","2020及以后"
"82","""主歌描绘了一场传统完整的斗牛赛，参与包括：主斗牛士，长矛手，花镖手，助理斗牛士。过程则是：1.	请牛出栏，是一项非常庄严重要的仪式。2.	助理斗牛士先上场，负责逗引、激发公牛的怒气，令公牛绕场奔跑。3.	长矛手次登场，把矛插入公牛的脊背，令牛放血，牛更加被激怒，也更加危险。""","2020及以后"
"83","“华晨宇只会飙高音”ET：不好意思，人家的低音你也学不来╮(￣▽￣)╭","2020及以后"
"84","他从来不救人。他只相授他天生的直觉、灵感。然后引你，渡你。一顰一动，一神一思。“神仙”二字也无以形容。也正因为他只是凡人，一切才更弥足珍贵。","2020及以后"
"85","大家记得去看视频！！！真的超绝他的台风和现场的互动感！！！有缘可以现场感受下我两年前第一次在全国最大的体育场鸟巢听到的时候听到他一开口真的震住了。就是我想到他厉害但没想到他那么厉害！！当然19，20年的他更厉害惹～谢谢你跟我们分享你的作品@华晨宇yu期待华晨宇更多新歌的发行?","2020及以后"
"91","我也常常向世界对抗，关于朋友，关于家人，关于其他。大家口中的成年人的世故也好，人之常态也罢，少了几分能力去接受。找个角落躲起来，去想去思考去悲伤，只是因为有些事情自己才会懂吧。","2020及以后"
"92","“找对象就要找那种看不上你的你就可劲儿追一但他回头你就是他的命.”---小王","2020及以后"
"93","希望所有烦恼都离王维家先生远一点","2020及以后"
"94","一直在想小王日记是什么样子，以为可能是小王自己的内心独白，没想到是倾尽所有的温暖。","2020及以后"
"95","最初他以歌曲记录生活，后来他走上舞台，把自己的生活唱给听众，安慰了茫茫人海无数心灵。现在听他的歌成了我们的生活，而他也继续唱着自己的故事。毛不易只要你唱，我们就一直听。","2020及以后"
"96","神树是末日审判降临是神的庇佑","2020及以后"
"97","“降临与神树，一个鸿蒙之初，一个末日之后，互为阴阳，毁灭后的重生，重生后的更迭，就像一对双生子一般，循环往复，生生不息。”","2020及以后"
"98","毁灭孕育重生［神树］明明有着星系陨落般的荒芜感却澎湃着向死而生的希望［降临］既有辰曦携带万顷福祉自天角倾泻的圣洁肃穆又有裹挟罪与罚的禁忌感，想到宫廷礼乐又想到唱诗班该怎么形容这种惊艳的宇宙感呢？当一个人思想格局和实力都光速成长的时候，他的创作简直像四维空间在三维世界的投影","2020及以后"
"99","《神树》《降临》阴阳双生！我觉得超好听","2020及以后"
"100","以生命之始，奏圣洁之乐。以世间之爱，重塑新生，重宥痛错。“laviahviahvi”古老的歌谣，悠悠飘远，穿过密林，迎着朝阳，缓缓盛沐这片大地上每一个生命，予以祈佑。","2020及以后"
"101","Sayit'sanewworld沉醉这风光讲究，明暗是假象告别这星光黯淡，来去是假象坐拥这掌声散去，起落是假象笑对这冷眼观望，天地是假象","2020及以后"
"103","华晨宇《新世界》歌词亦人生。沉醉风光讲究，告别星光黯淡；坐拥掌声散去，笑对冷眼观望。开场有多喧闹，结尾就有多寂寥，?不如下山，笑看万物是假象。转身矗立山峰的时候，即是新世界到来。ET开启疯狂打榜的技能吧！！！快来为《歌手·当打之年》最爱的歌助力《歌手·当打之年》线上投","2020及以后"
"104","毁灭（《神树》）后重生（《降临》）进入新世界（《新世界》）@华晨宇yu?bro厉害","2020及以后"
"105","“站上舞台、手握话筒的那一刻，他就成为了主宰音乐世界的王者，仿佛不止音乐，连现场的灯光也都一起掌控。”-欢迎来到华晨宇创造的新世界-@华晨宇yu","2020及以后"
"121","上一秒还在似孩童般唱着儿歌的他，下一秒就可以暴躁地尖叫“shutup”上一秒还沉浸在佛经诵读的氛围中，下一秒就可以充斥着“任我主宰”的气势华晨宇曾说过一句话：“当我的音乐能够影响到你，能引起你的思考，这就是艺术。”“我带着那抹红，见证我所有的光辉时分”“为家人而战”华晨宇我们一直在","2020及以后"
"122","钢琴伴奏加了黑胶唱片的效果器，带有孩子气的唱腔营造诡异恐怖氛围，木吉他Riff随后插入，还运用了古筝、套鼓，用人声模仿埙的音色搭配六字箴言（绝对的神来之笔）Bass和军鼓到后面戛然而止，随木吉他着独奏仿佛进入无尽的深渊迷失又绝望；军鼓伴随华晨宇撕裂怒吼和电吉他回收音效仿佛七重人格涅槃重生","2020及以后"
"123","七皇的破立太极致了。诡谲粗砺的失真童声、克制隐忍的吉他riff、委婉曲折的过渡古筝、天然质朴的人声拟埙、恣意张狂的躁动鼓点、喑哑颓丧的殉道念白、激进疯癫的宣泄嘶吼……说是七重人格，每个歌迷的理解也全然不同，我想大概跟小华是个绝妙的情绪容器分不开吧_(:з」∠)_。","2020及以后"
"124","我认为这首歌确实全场最佳(不是粉)","2020及以后"
"125","郑楠：花花我们要不要改一下旋律，做一点简单的，大众都朗朗上口的音乐？华晨宇：SHUTUP！！！","2020及以后"
"126","这份爱会不会会不会让你也好疲惫","2020及以后"
"127","希望大家都能被爱的人温柔以待","2020及以后"
"128","“梦里出现的人，到底是谁在想谁”","2020及以后"
"129","仔细想一想我长得不出众不高不阳光学习不好脏话连篇多疑敏感喜怒无常怎么可能会有人无条件站在我这边","2020及以后"
"130","补课费好贵题目好难压力好大我想睡觉我想休息可我更想考上好学校","2020及以后"
"131","昨天去见前任了他盖着白布好像不想见我","2020及以后"
"132","rap部分是我，副歌部分是高旭，歌词里为了美观没有标注，看大家都分不清，稍后会标注上","2020及以后"
"133","因为你错过了，别人才会遇见，因为别人错过了，你才会得到。","2020及以后"
"134","果然男人只有在土里才会安分吗","2020及以后"
"135","昨天和喜欢的男孩子亲嘴了","2020及以后"
"136","一起吹过晚风的人大概会记得久一些","2020及以后"
"137","当初你也是那个习惯把太阳画在纸的角上的小屁孩吧","2020及以后"
"138","我们结婚吧我搬到你家你给我买个小点的戒指吧我不要车不要房不要彩礼结婚证也很便宜我是真的很想嫁给你","2020及以后"
"139","冲10w+再发一首超级好听的歌[憨笑]","2020及以后"
"140","人如果没有梦想，那跟咸鱼有什么区别啊？","2020及以后"
"141","“丘比特为什么蒙着眼?”“因为爱情无关性别”","2020及以后"
"142","今天被暗恋的男孩摸脸颊了！你们能体会那种仿佛要瞬间螺旋升天的喜悦吗!因为今天和他一起去参加同学的生日party，站在角落看着他，注意到我后直接跑来糊我的脸。丝滑的奶油和他的双手抹在我脸上，大脑瞬间死机。一个1米5的小女生就这么被一个1米7的男孩子弯下腰来摸到了脸。快要幸福死啦","2020及以后"
"143","她模仿我穿衣风格模仿我写字字体模仿我的性格模仿我的一切但是她模仿不了我一顿八碗饭","2020及以后"
"144","我突然记起一次月考听力–Hello，Jane!Whatareyoudoing?–I'mwaitingforMike.Whataboutyou，John?–Iamwaitingforyou","2020及以后"
"145","希望每个人都可以跟自己最爱的人，感受最浪漫的场景。","2020及以后"
"146","这是我觉得最好的网红模式，有内涵，有文化，能做出贡献[强][强][强]","2020及以后"
"147","高原的风，带来了吉祥的礼物，那位来自高原的少年，是风，也是自由的使者，他带着微风吹向祖国的山川湖海、吹向你我心灵。勇敢的少年啊，请看遍这个世界的美好，你一定会创造无限奇迹。让我们一起聆听高原少年的歌声，音乐的力量会给予你我天空下的那份温暖。?","2020及以后"
"148","格聂神山出来的孩子，加油！！！[拜]","2020及以后"
"149","哇塞！这是那个丁真的歌吗？着实让人惊艳啊！不是说他除了脸能看，什么都不会吗？个人觉得这很不错啊","2020及以后"
"150","有一说一，虽然我对丁真无感，但这首歌是真的好听[强]","2020及以后"
"151","下次遇见喜欢的人记得要勇敢","2020及以后"
"152","总会有个人陪你过未来每一个夏天。","2020及以后"
"153","吴念慈我不知道这次你还愿不愿意回来我只是想说我真的很爱你可能真的是我不配生活真的一直在和我开玩笑而我也一直都达不到你的预期这是你发给我让我听的歌现在也是我最喜欢的歌现在我也只剩这首歌了吧。","2020及以后"
"154","一八年的夏天，是全网公认最好的夏天","2020及以后"
"155","（一坨歌手爬过）寡某祝大家521快乐","2020及以后"
"157","“所以你宁愿错过也不愿主动，对吗？”","2020及以后"
"159","这个世界病了，把渣当酷，把深情叫舔。","2020及以后"
"160","这首歌真奇怪，像告白又像告别","2020及以后"
"161","听起来可真是，一口德芙一口烟","2020及以后"
"162","呜呜呜来了来了！！！我原地起飞！！！王嘉尔??林俊杰，两位的神仙合作终于出生了！期待很久了！！！！！???是约定好的中文歌呜呜呜，大?就是我努力的动力吖，我还能继续背书！?又是新曲风，嘉的歌永远带给我惊喜???当我戴上耳机听歌，我的精神和身体就已分离，旁若无人的地步(hhh）快落","2020及以后"
"163","都2021年了，江南的风依然在吹，我们也依然爱听JJ。从《她说》到《可惜没如果》再《过》，悲伤的情歌，总是能分散深夜的落寞。","2020及以后"
"164","王嘉尔的声音用什么烟保养的？","2020及以后"
"165","Jacksonwang:Idon'tplayaroundnotthatkindofguy.我不是那种随便玩玩的人。[拜][拜][拜]???????????","2020及以后"
"166","毕竟一生很短少有圆满","2020及以后"
"167","你一定不懂那种看清了还想继续喜欢的感觉","2020及以后"
"168","我总感觉这是一个女孩子唱给另外一个女孩子的歌[呆]","2020及以后"
"169","阿月和星野相识于光遇有天星野上线告诉阿月他要退游了因为生病了很严重的病会暴躁会摔东西再后来阿月知道了他浑身插满了管子肝脏破裂需要手术但是找不到合适的肝源2020.12.3123:46星野抢救无效不幸去世遵逝者遗愿葬于广西北海写给阿月的备忘录里有一句如果有下辈子就带你去看星星吧","2020及以后"
"170","阿拉斯加湾，是世界9大著名海湾之一，海面呈现两个颜色，由于密度关系，两片海不能融为一体","2020及以后"
"218","不收藏了，有人点，我就回来听听","2020及以后"
"219","这首歌真的是个感性的女孩子听到立马就会收藏的[流泪]","2020及以后"
"230","“再好的高中也有混子，再差的中职校也有人挑灯夜读，谁也别瞧不起谁”","2020及以后"
"311","“既不能断干净又不能和好如初的关系最难受”","2020及以后"
"312","你是我拼了命也抓不住的声音","2020及以后"
"313","在二选一的情况下被抛弃的那个是幸运的","2020及以后"
"314","如果你真的爱我就不会和别的小朋友暧昧啦","2020及以后"
"315","“很久不见面的话会忘了我吗”","2020及以后"
"390","记得魏晨在快本红了眼七年不联系还能背出来电话号码每天偷偷放一颗大白兔奶糖哪有什么突然想起你其实就一直在心里","2020及以后"
"443","我在此立誓5年后2025年如果我没有成为2025年kpl总冠军各位可以随意的笑我我他丫肯定能行打遍全国职业选手!2020.5.11·18:16","2020及以后"
"444","怎么每回每回都他妈是我被丢下啊","2020及以后"
"445","夜晚太容易让人想重新来过了","2020及以后"
"456","人真的会反反复复喜欢同一个人.","2020及以后"
"457","完整版我再准备准备大家等我??","2020及以后"
"458","跟你在一起的时光都很耀眼，因为天气好，因为天气不好，因为天气刚刚好，每一天，都很美好。——《孤单又灿烂的神—鬼怪》","2020及以后"
"460","18年的夏天真让人怀念啊，等了很多年的爱情公寓在影院放映了，而这么多年的我们却分道扬镳了.","2020及以后"
"466","很荣幸拿到《最天使》正版授权，第一次录完整版～跟片段也是有一定差距的，我会把片段在传到电台，因为是替换文件之前下载过的听不了的要去清除缓存设置—缓存设置—清除音乐缓存—把后台退了重新打开就能听完整版了","2020及以后"
"467","出完整版的时候我就追回我曾经丢失的那个人","2020及以后"
"468","保持联系是一件难度五颗星的事","2020及以后"
"469","忘掉种过的花去爱有结果的树","2020及以后"
"470","互相思念的人，见面才有意义","2020及以后"
"471","以前一个人听这首歌，现在能和你一起唱这首歌，开心","2020及以后"
"472","什么狗屁恋爱，我要上岸，我要暴富，我要选择权在我手里，已经错过一个转折点了，这个我必须抓住，所以，在我没有成为自己想成为的人之前，我会放弃所有萌动的感情，我会好好的向未来进攻，加油！","2020及以后"
"473","这首歌听了完全没有性欲，只想安安静静的看着你","2020及以后"
"474","有个心愿，想要成为你众所周知的欢喜","2020及以后"
"475","青梅竹马的我们马上结婚了，追了21年，需要大家的祝福。","2020及以后"
"476","我太喜欢这首歌的留白处理了，太喜欢突然停顿的窒息感，那空白的几秒，就好像是留给听众消化情绪的时间，或哽咽，或屏息，或大口呼吸，或感知世界的心跳，或在地上捡起七零八落的自己(o????·?o?????)","2020及以后"
"477","“好想爱这个世界，好想被这个世界爱”任何一点真诚的陪伴都能成为他们巨大的力量@华晨宇yu","2020及以后"
"478","花花真的是个很温柔的人，自己也曾在黑暗中挣扎，这些年，他走过了黑暗，成长，还以音乐的方式，温柔以待这个世界，拯救还在黑暗中挣扎的人。整首歌歌词温暖细腻，深入人心，总有一句能触碰到你的内心泛起涟漪，希望大家都能找到自己的光芒，勇敢爱这个世界~当阴霾散去时，阳光会再次光临???","2020及以后"
"479","夕阳西下，接通电话，是你呀????","2020及以后"
"480","当他告诉你你生病了，说明他把你当做很重要的朋友，请用心关爱他，陪他一起走出阴霾，让他的时间充满色彩??","2020及以后"
"481","没有人是一座孤岛，可我的岛上却寸草不生。","2020及以后"
"482","很开心可以给小明合作这首歌，小明声音可太好听了！","2020及以后"
"483","还是阳台版本唱的好听，这个好像声音被压住出不来，一唱完整版都是这种毛病...","2020及以后"
"484","好听的话不要听，感觉不到就是没有。","2020及以后"
"485","霍金摔倒，爱因斯坦大脑解剖，梵高穿越，懂？","2020及以后"
"491","你坐过出租车吧你下车后司机是不是把空牌子立了起来你应该明白空出来的位置总有人坐","2020及以后"
"492","还记得那则新闻吗？一场战争中一对情侣走散了，再次相见时隔几十年，老奶奶终身未嫁，老爷爷子孙满堂，老奶奶高估了他对她的爱，老爷爷低估了自己在她心中的位置","2020及以后"
"493","谢谢大家赋予这个作品《丢了你》希望你们都能够珍惜你爱的人和爱你的人！[爱心]","2020及以后"
"494","爱你的人一定要好好珍惜。","2020及以后"
"495","你把城墙垒的很高又希望有人能够不惧艰辛越过城墙来爱你不是吗","2020及以后"
"496","完整版来了，大家久等了，希望大家会喜欢这个版本，原唱小姐姐张叶蕾的好好听[色][色]","2020及以后"
"497","我们兜兜转转我们平平淡淡我们还是分开","2020及以后"
"498","记得！初三那年，为了她我戒烟戒酒戒游戏，她不允许我迟到早退逃课我全依他，她不喜欢打架的男生我疏远了所有哥们，她要求我考进年级前十名，我踏玛拼了命头悬梁锥刺股废寝忘食，终于如愿以偿考进前十名……那天她开心哭了！扑进我怀里哭的像个孩子，那一刻我真的觉得自己就是这个世界上最幸福的人","2020及以后"
"499","你是不是也为他下载了王者。","2020及以后"
"500","""""""如果爱太难的话还是分开最好而我们永远不会和巨星分开，你一定可以成为未来的巨星""""""","2020及以后"
"503","2021年了还有人听这首歌嘛？","2020及以后"
"505","都2020了还有人听这首歌吗？","2020及以后"
"506","“脱了女孩子的衣服就要给她穿上婚纱?”","2020及以后"
"507","短期的高频聊天能产生暧昧，这种感觉就像烟花","2020及以后"
"508","各位，我们今天照了结婚证件照哦，谢谢你们见证了我平平凡凡的爱情，你们也要找到跟自己共度一生的人哦。一定要幸福[爱心]","2020及以后"
"509","第1000条评论条留给自己谢谢大家对这首歌的支持和喜欢这是我第一个999无比感动你们的每条评论我都有认真看接下来也会继续认真做歌再次谢谢大家！！！你们真好！！！！感恩！！！??????","2020及以后"
"510","我们重蹈复撤吧，你整死我都行","2020及以后"
"515","各位！我已经和Alexander联系上了！他说他都不知道在中国有人听他的歌他觉得很棒！并且很想和我们取得联系！入驻方式我已经发过去了！等待Alexander的入驻吧！！！","2020及以后"
"521","在搞了在搞了。正好和云村的同学说下，版权的事情我现在亲自抓，只要独家版权放开，我们就敞开买。最近回来的摩登、英皇、中唱等，大家先听起来，别辜负村长我的一片辛劳。","2020及以后"
"522","“三千里，偶然见过你”。漠河舞厅深深的打动了我！久听不厌。","2020及以后"
"523","2019年乐队哥几个在一个小区的居民楼里搭了个简易的棚，设备隔音简陋粗糙，原版就是在那样的环境里完成。因条件有限很多配器是电脑软音源做的，这次请来更专业的制作团队及国际爱乐乐团合作，新编并实录了所有的弦乐及配器，终于弥补了心里的遗憾，真诚谢谢所有人。","2020及以后"
"524","“人类用什么衡量爱?”“用分开后的痛苦.”","2020及以后"
"525","音乐和灯光，打进幽暗的舞厅。人们成双成对，一位老人挥着双手，独自迈着舞步。旁人诧异，他不在乎。在他心里，舞伴就在身旁。这位老人叫张德全，来自黑龙江漠河。34年前，一场大火让他痛失爱人康氏。此后老人未再婚。他常在舞厅或街边独舞，怀念年轻时两人飘扬起舞的时光。[爱心]感谢柳爽[爱心]","2020及以后"
"526","一群施暴者正对着另一个施暴者施暴","2020及以后"
"527","他得到的应该是惩罚而不是网络暴力[皱眉]","2020及以后"
"528","月光是海的梦境而我是你的远行","2020及以后"
"529","听歌不看人这句话真的搞笑","2020及以后"
"530","我同桌可能是个精神病，上课用手比做枪对着自己脑袋“嘭”了一声，然后倒在桌子上睡了一上午……","2020及以后"
"536","你看吧，让你心动的人从来不会给你好下场","2020及以后"
"537","总有人轻易得到你努力了很久的东西。","2020及以后"
"538","爱要懂得及时止损，希望你也能洒脱。","2020及以后"
"539","他让我感到了前所未有的无能为力。","2020及以后"
"540","最后悔的开始，就是和你相遇。","2020及以后"
"546","一定要所有软件都出个已读功能你才死心是吧","2020及以后"
"547","搓搓小手要一个人过冬了噢","2020及以后"
"548","“遇不到理想的人那就永远单身”","2020及以后"
"549","“心理学上说：我们故意避开的人，往往都是很在意的人，下意识躲开是因为紧张，回头看是因为喜欢”","2020及以后"
"550","陈集满一万个赞我们就结婚吧今天是你入伍的第153天同样很想你","2020及以后"
"551","爷爷四年级走了奶奶无依无靠自己爸爸冒着生命危险挣钱妈妈出轨现在19岁的我可能发展到尿毒症可我还是希望继续好好生活","2020及以后"
"552","这首歌配《周生如故》绝了！共情太强","2020及以后"
"553","爱你的人，策马扬鞭都会来到你的身边；不爱你的人，血液里都住着风。不开口求人，你爱留不留。","2020及以后"
"554","大家都没怀疑过承诺那一刻的真诚","2020及以后"
"555","醉卧白骨滩，放意且狂歌一匹马，一壶酒，世上如王有几人后来传说储君之妃一袭红衣站在城墙上一跃而下“本王在此立誓，不娶妻妾，不留子嗣，一生驻守边关”“我有一个自少时喜欢的人，从来没有和任何人讲过”“等我的捷报，从今以后，王军只有捷报”","2020及以后"
"561","你以为人生最糟的事情是失去了最爱的人其实最糟糕的事情却是你因为太爱一个人而失去了自己。","2020及以后"
"562","总有那么一些歌，让我们悲伤，让我们哭。但其实让我们哭的并不是那些歌本身，而是藏在回忆里的那些人。","2020及以后"
"563","我喜欢下雨、但我不喜欢下雨的声音、就像你喜欢笑、但你并不快乐","2020及以后"
"564","拂滅香煙的你的指尖惱人但謹記的時間看你那麼鮮艷","2020及以后"
"565","希望我们可以在学会爱自己之后，再去好好的享受、分享，成为一个人的例外，收获一份偏爱。","2020及以后"
"566","尼古丁的绑架没有救赎我们都是上瘾的囚徒","2020及以后"
"567","我给她梳过头发，洗过澡，穿过衣服做过饭，也亲过她掉下来的眼泪，吃过她剩下来的东西，她皱下眉头我都会紧张，我们吵过架，但是我都会放下所有的情绪去哄她，天冷了我会握住她的手，生病了我会给她买药，她睡不着我会唱歌哄她睡觉，什么时候都是让着她，我很清楚用心爱一个女孩的感受。所以我永远都会","2020及以后"
"568","没烟了，我可以在凌晨出来买烟我饿了，却不会在半夜出来吃饭","2020及以后"
"569","明天就要脱下五年的军装了不后悔期待下个五年未知的自己。","2020及以后"
"574","为什么突然就火了，我还以为我看错了","2020及以后"
"575","“你听到了吗？针落在地面上的声音？”——献给所有逝去的生命。","2020及以后"
"576","康氏给张德全的回信德全：我讶异于在我日渐衰退的记忆里，仍清晰地留存着你的名字。我年轻时远不及你描绘的那般明艳，容颜衰落后更是如此。皱纹像我骨瘦嶙峋的手上凸起的血管一样在不自觉中爬上了眼尾和脸颊。什么清脆的海棠，实属折煞，如若一定要说，我现在不过是一盏凋谢了的昙花。","2020及以后"
"577","你们一定要去看那篇《再见了晚星》，我看的时候一直哭，最后一张动图张德全老人在舞厅中央跳舞，直接哭崩溃了……虽然我们见了杀妻，出轨，家暴的新闻，但是千百年来一直有值得歌颂的爱情故事发生，一定要相信爱情，它真的值得我们赞美值得我们相信。","2020及以后"
"578","“漠河舞厅这首歌的故事原型：一位名叫张德全的老人，在舞厅中央独自跳舞。三十多年前，他妻子在火灾中不幸离世。从此他未再婚，他与妻子无子女。妻子生前喜欢跳舞，他和她以前常在亮着灯的旧仓库里一起跳舞。这是不得已的中途散场。更多的人，是在爱的跋山涉水中半途而废。”","2020及以后"
"579","我想起三年前去过漠河十几个小时的硬座结冰的火车车窗我躺在当时在我身边的男孩的腿上睡觉早上六点到漠河了我迷迷糊糊的醒来他去洗手间坐在对面的阿姨说小姑娘这男孩真好啊一宿没睡动也没动一直守着你没什么我只是突然想起了那夜睡的很好迷糊里感觉到他一直用衣服裹住我的脚","2020及以后"
"584","我竟然对一个素未谋面的人思念至极","2020及以后"
"585","终究是录音棚没干过厕所","2020及以后"
"586","前男友太多听歌都不知道该思念谁","2020及以后"
"587","没了心动的感觉，却羡慕别人的爱情","2020及以后"
"588","你很好，只是他比我跟需要","2020及以后"
"589","“我很好，LDZ。”接力起来我先来～","2020及以后"
"593","我要死了，肝癌晚期，对不起爸爸妈妈，请原谅我这样的离开","2020及以后"
"594","我想开一家酒吧店里深夜开店半夜打烊没有激荡的音乐没有水果茶奶茶只有民谣和酒喝下的是酒，吐出来的是故事我想和每个客人分享年少的事路过店门口的人都会停住脚步只因为他们听到了酒般的民谣店名就叫流浪客今年18想在23岁开开在四川?希望你们要来啊","2020及以后"
"595","你知道那种感觉吗明明那个人还在可以打电话可以发信息但你没有任何立场他永远不再是你的了那种感觉真的特别难过","2020及以后"
"596","“我表达不满的方式是晚一点回信息”","2020及以后"
"597","最近有一个新闻""老奶奶终身未嫁而老爷爷此时已经儿孙满堂""","2020及以后"
"598","其实没必要的你说爱我我就说爱你","2020及以后"
"599","脱了女孩的衣服就要给他穿上婚纱","2020及以后"
"604","女生的声音真的有莫文蔚内感觉了！！","2020及以后"
"610","朴树:我现在缺点钱！你这只猫得付点版税","2020及以后"
"611","怎么让大家伙儿知道我是这首歌的编曲?","2020及以后"
"612","“你的老怀表还在转吗我的王心怡还爱我吗”","2020及以后"
"613","朴树唱出了对二十一世纪的向往，盘尼西林告诉人们二十一世纪也就那样，房东的猫和陈婧霏告诉大家未来依然值得向往~","2020及以后"
"614","为什么抢拍的那一句没了！！！那才是灵魂啊啊！！！","2020及以后"
"615","今天是2020年11月19号，妈妈因为血栓瘫痪住院的第五天，爸爸在医院陪护的第五天，我在家接送外甥上下学，然后做饭送饭去医院的第五天，也是每天一个人在家的第五天，晚上抱着被子去爸妈卧室床上蒙头睡的第五天，最近家人都有点辛苦，希望妈妈早点康复。","2020及以后"
"616","完整版过段时间就有了","2020及以后"
"617","声音都好好听啊！！！太上头了！希望可以一直出歌","2020及以后"
"618","“如果几年后我娶了一个叫刘思余的女孩子，看到这条文案的人都有喜糖。","2020及以后"
"619","“13岁的桑稚喜欢20岁的段嘉许，18岁的桑稚还喜欢25岁的段嘉许，20岁的桑稚嫁给了27岁的段嘉许.”","2020及以后"
"620","互相迁就才最长久双向奔赴才有意义","2020及以后"
"621","只要睡得够晚，就能蹲到新歌?","2020及以后"
"622","“少女的征途是星辰大海，不该死于爱情.”","2020及以后"
"623","宝咱现实一点，先把书念好","2020及以后"
"624","“我不知道十五岁遇见的人重不重要，但我知道读好十五岁的书很重要.”","2020及以后"
"625","麻麻这次的曲风好芭比（？呜呜呜（小声）请问有人夸夸我画的封面吗","2020及以后"
"626","公主都是被王子吻醒的而我不是被饿醒就是被尿憋醒的","2020及以后"
"627","我一直以为歌词是你是森林的小鹿会不会遇到麋鹿[汗][汗]","2020及以后"
"628","高冷的女巫捡到了顶着鹿角的女孩小鹿每天都蹦蹦跳跳的缠着女巫“女巫女巫你会魔法吗”“女巫女巫陪我玩吧”“女巫女巫听说你们吃小鹿是真的…唔！”“你你你干嘛亲我！”小鹿红着脸问女巫轻咬了一下小鹿的耳朵：“嘘，我只吃吵吵闹闹的小鹿”","2020及以后"
"629","作文都是我编的其实从小到大没有人给我送伞","2020及以后"
"630","搞不明白为什么你们听歌会有那么神仙的感慨我却在一边直嚷嚷着卧槽啊卧槽好听！！","2020及以后"
"632","这是吃了多少个吴青峰","2020及以后"
"633","对不起七月的韩商言对不起八月的魏无羡对不起九月的蓝忘机对不起十月的范闲对不起十一月的梁又年对不起十二月的曾小贤对不起一月的陆绎对不起二月的元宋对不起三月的陆一白对不起四月的黎语冰因为我已经爱上了丁禹兮！！！","2020及以后"
"634","妲己∶大王，我是只妖纣王∶孤知道妲己∶不，大王，我是只狐狸纣王∶宝贝，我知道，是妖又怎样？孤爱你妲己∶不，大王，我是公狐狸……","2020及以后"
"635","“你的性取向是……”“我喜欢的人决定我的性取向”","2020及以后"
"636","很喜欢林俊杰老师的《心墙》，也很感谢网易云的帮助，让我有机会获得《心墙》的正版授权，希望大家也喜欢我的版本！","2020及以后"
"637","呼，下个学期干净点吧，做个温柔的女孩子，心里只有父母和梦想，眼里只有成绩和学习，不能在和父母随意发脾气，要有自信，不要自卑，相信自己会变得很优秀，这算是一个约定哦，加油","2020及以后"
"638","郭静的是青春的感觉，林俊杰的带了成熟，而小明的是心动","2020及以后"
"639","爱不是互相凝望，而是一起眺望同一个方向。","2020及以后"
"645","我们是男孩子.我们在一起了","2020及以后"
"646","我谈了一场从未成年到成年的恋爱，已经订婚啦!","2020及以后"
"647","这首歌一定要带耳机听啊～惊艳咩～","2020及以后"
"648","啊咳咳，内个…前天，周五晚上，我好像…夺了一个男生的初吻，同时…我的初吻也没了……我干了一件从来不曾想过的事，除了我爸第一次和别的男生牵手，第一次有男生骑车（小电驴啦）带我，第一次有男生抱我，我还记得那天晚上的风，有点凉，还记得他嘴唇的味道，是甜的…","2020及以后"
"649","我谈了一场从初二到成年的恋爱我们要结婚了！","2020及以后"
"650","“一度怀疑你有没有喜欢过我，可是你真的表现出很多喜欢我的样子，又做出了很多从来没有喜欢过我的事。”","2020及以后"
"651","“其实在我心里已经娶过她一次了”","2020及以后"
"652","我总不能抢别人的男朋友吧。","2020及以后"
"653","新版已经发了听不了的集美们清理一下缓存第一次正式录太紧张了大家一起加油","2020及以后"
"656","“认清自己，接受自己，成全自己。”[爱心]","2020及以后"
"658","和陈先生在一起的第1024天，我爱陈先生，陈先生也爱我，尽管我们都是男生。[爱心]","2020及以后"
"659","那个燥热的夏天我们在学校巷子接吻你嘴里桃子味的饮料，我还记得。到现在也不愿意承认我们都是男生。","2020及以后"
"660","其实你的暗示他都懂你的潜台词他也明白他的无动于衷真的不是欲情故纵他只是不喜欢你而已。","2020及以后"
"661","小学时懵懵懂懂我们在一起了。到了初三毕业那年我们当着老师的面进行了第一次接吻，记得那次老师叫了家长，我们一起挨骂，但很开心。高中时我们考在了一起，在高三时所有同学都羡慕我们，九年了一直在一起。后来上了大学，你提分手了，我不理解，后来我才知道你得了肺癌晚期，你走了，再也没有人管我了","2020及以后"
"662","“你总是嚷嚷着要找一个对象”“却从不主动勾搭”“也懒得接受别人的追求”“却还不肯将就”“有时候也觉得单身挺好的”“但又常常羡慕人家成双成对”“你到底在等谁”","2020及以后"
"663","从小色盲，在女朋友的帮助下看到了绿色。","2020及以后"
"664","各位，我要和初恋订婚了[钟情]","2020及以后"
"665","“我们都在奔赴各自人生但你依旧是你”","2020及以后"
"666","没有血缘关系的人对你好都是上天送给你的礼物.","2020及以后"
"667","有人求婚手抖有人求婚谢谢大哥的火箭爱与不爱很明显","2020及以后"
"668","哪有什么突然好想你，只是你一直在心里","2020及以后"
"669","在学校委屈死了课听不懂觉不够睡人际关系难搞连想见到的人也见不到.","2020及以后"
"675","“读书不是为了成绩，是为了能在落幕无光的地方找到方向”","2020及以后"
"676","跟草莓哥进行了无数次讨论后这个版本诞生了，每个制作环节都很开心=w=学到了很多东西，感觉自己又变强了(′?ω?`)愿听到这首歌的你们都能找到属于自己的那颗星星?","2020及以后"
"677","女孩子要知道前途比感情重要","2020及以后"
"679","“逆风翻盘，你准备好了吗”","2020及以后"
"680","副歌像：清早起来什么镜子照，梳一个油头什么花香，脸上擦的是什么花粉，口点的胭脂是什么花红。","2020及以后"
"681","半年没发新歌了！跟7合作的一首国风电子这次真的没有鸽你们哈哈哈！第一次尝试rap！自己还挺满意的希望你们也是！","2020及以后"
"682","好久没有发歌啦这次也是新的尝试和wuli阿涵得新歌希望大家能喜欢吖！！这次是hook七吖！[鬼脸]","2020及以后"
"683","今日作业汇报情况:今天数学作业未提交今日语文作业未提交今日英语作业未提交今日地理作业未提交今日历史作业未提交今日道德作业没提交今日物理作业未提交未提交的请赶紧提交","2020及以后"
"684","没看词之前:爵士乌鸡天下鲜…？？？","2020及以后"
"685","我悄悄放了一个屁，希望风能把它吹到你嘴里","2020及以后"
"686","前面蛮好的，后面有点呆，可能是被风儿吹的吧","2020及以后"
"687","哥啊，这首歌旋律是不错，但是这词有点拉垮啊","2020及以后"
"688","3分钟的歌风儿吹掉了一半[大哭]","2020及以后"
"689","熊二∶熊大，这个鱼真好吃。熊大∶嗯嗯，鱼烤着就是好吃。光头强∶太饿了，要不然去钓鱼吧。熊二∶熊大你看！光头强在钓鱼！熊大∶可恶的光头强！又在欺负小动物！","2020及以后"
"690","“六月，南方的天。被暴雨困在教室里面，我和我的同学。”“到很久以后，我才发现，不过三个月我们就要告别。”“当我站在演唱会最后一首歌的舞台，对观众鞠躬说谢谢，听见掌声像暴雨落下，我忽然想到那个电闪雷鸣的夏天。”“原来雨停了，就毕业了。”?","2020及以后"
"691","青春是食堂的饭菜，做过的试卷，还有和你一起淋过的雨，临别之际写不出的少年心意，请让李润祺唱给你听??","2020及以后"
"692","考上了考上了考上了我心心念念的复旦大学","2020及以后"
"693","如果可以回到毕业的时候，我想要对自己说：“和他们好好地告个别吧，这是青春里每天相见的人。也请好好和自己告别，后来的你，一直被时间推着走，被迫成为大人，但好像不够勇敢。”但是时间不能倒回那时候，我希望现在的自己，拥有去年毕业时的一腔热忱，去做勇敢的大人。希望大家高考顺顺利利","2020及以后"
"694","人大法学系我要改变这个社会","2020及以后"
"695","再差的职高也有人挑灯夜读，再好的高中也有人虚度光阴混日子，谁瞧不起谁咱们顶端相见，住过职高的宿舍你才知道会有人打着电话哭出来会有人在被窝里抽噎会有人坐在阳台上抽着烟对着手机流泪，我们虽然中考没有考好，不代表我们人生输了，我们只是走了另一条到，其实我们并非很轻松。","2020及以后"
"696","那时候手心余温刚好，晚风很温柔有你陪就足够。","2020及以后"
"697","中国人首次进入自己的空间站，在自己的宇宙看银河与星斗","2020及以后"
"698","与其仓皇的追赶日落，不如静待漫天的繁星。","2020及以后"
"699","“世界灿烂盛大，欢迎回家”“亲爱的，我把自己放在你耳边，你会听到的吧”“愿我们在硝烟尽散的世界里重逢”“所以说爱恨真是奇怪的东西。有的早早腐烂入土，有的刻骨”“两千三百一十二天，他们相遇在寒风朔雪中。以为是初见，其实是重逢”“我叫秦究，我来找我的真实”“他们在警告声中接吻”","2020及以后"
"700","网友：啊啊啊这是什么神仙歌手，希望永远不要火。歌手：我可去你的吧","2020及以后"
"701","这首歌有点那种感觉，就是一位拥有心理疾病的、极其富有表演天赋的人，他享受着主导一切的感觉。有一天，他遇上了让他心动的人，发现自己爱上了那个喜欢白裙子的女孩，他很不喜欢这种心脏不受控制的感觉，但又不知道怎么办。于是他在不清醒的状态下策划了一场绝妙的谋杀，把那个女孩杀了","2020及以后"
"702","他的，隔岸都是神仙歌曲","2020及以后"
"703","云里雾里分不清哪个是你","2020及以后"
"704","听完之后我脑袋里都是阿巴巴阿巴巴。","2020及以后"
"705","谁把我数学成绩搞上去我连人带命都是他的","2020及以后"
"706","有时候心动不一定要做男女朋友的喔.","2020及以后"
"707","我给了他小皮筋他还了我一颗Dr","2020及以后"
"708","“没什么想要的只是觉得这个城市的汤汤粉粉日料西餐火锅路边串串早餐店的早饭都应该和你一起吃”???","2020及以后"
"709","不喜欢任何人的感觉真的太爽了","2020及以后"
"710","来自广东，我骄傲?","2020及以后"
"711","phoneproject大结局，还是手机做的beat，这次是为了广东?","2020及以后"
"712","参与下Ar担旗的广州大团结","2020及以后"
"713","大家好我是来自广东的参赛选手今天为大家带来一首粤语rap：生仔未必就系福要娶新抱要分屋老屋飞入D外来雁鸡同鸭讲眼碌碌公婆婆坐客堂望得俺们心发慌大红花轿ILOVEYOU最怕日日要煲靓汤南腔北调一锅粥我诈傻扮懵够醒目为求家和万事兴哪怕乌龟头缩缩","2020及以后"
"714","吴YF：不好意思，我进不了你的fansclub了，我进了监狱club","2020及以后"
"715","她成功的代替了蜜雪冰城的主题曲","2020及以后"
"716","女声第一句直接干掉一切[大哭]，虽然只有几句但这个男的地位如同凤凰传奇的曾毅","2020及以后"
"717","放空你疲惫的大脑沉浸在三分钟的世界里.","2020及以后"
"718","我喜欢的女孩子终于睡到我兄弟啦","2020及以后"
"719","外面的噪音太多生活好烦","2020及以后"
"720","答应我，减少上网时间，作业按时写完，听长辈老师的话，把自己置于一个忙碌的环境，作业写完了就背书，不要坐着发呆，要做别人眼里的好孩子，字一笔一划地写，话听进心里，到最后你会发现，真正让你开心的不正是耀眼的成绩和人人的夸赞，这次，我们要打一个翻身战，并且，一定要赢。","2020及以后"
"721","为什么这么甜搞得我以为我有男朋友了","2020及以后"
"722","死木头什么能被我追到手啊！","2020及以后"
"723","因为谈了一场很棒的恋爱，所以粘贴板没有丧的文案。","2020及以后"
"724","好想把我喜欢的人的桃花踩的稀巴烂!!!!!!","2020及以后"
"725","我不喜欢我妈妈一有事就吼但是我发现有一天我越来越像她了越来越像了.","2020及以后"
"726","请务必考上心心念念的学校","2020及以后"
"727","我删掉了一个好友，空间腾出了6个G","2020及以后"
"728","“夏林希你好我叫蒋正寒原江明一中高三一班倒数第一现京大计算机系大一新生今后我希望我的身份有且仅有一个就是你的男朋友我也希望未来可以成为你的丈夫望你批准”","2020及以后"
"729","不知道为什么感觉这首歌太适合暗恋了","2020及以后"
"730","在所有明显公布恋情的文案中我还是喜欢薛之谦那句“再爱一次吧”","2020及以后"
"731","好歌永远没有完整版。","2020及以后"
"732","清理缓存可以听完整版[多多耍酷]","2020及以后"
"733","我好害怕以后娶我的男孩子，喝醉了酒红着眼眶对他兄弟说:“我没有娶到我最爱的女孩子。”","2020及以后"
"735","希望听过这首歌的大家这个夏天都有人kissyou！[钟情]","2020及以后"
"736","所以第520条会是loveme吗","2020及以后"
"737","好家伙做这个歌的时候是甜中带丧的现在一听脑子全是帅哥美女","2020及以后"
"738","下首歌要继续这个类型吗[鬼脸]","2020及以后"
"739","今夜不要走暂时住在我的心中?","2020及以后"
"740","没有前奏的歌就像强吻","2020及以后"
"741","11天后的高考一定要发挥超常！！！2021届考生全都upupup！！！","2020及以后"
"742","虽然我女朋友很乖但是我怕压力大所以跟别人走了","2020及以后"
"743","危险危险危险！刘姐好久不见！听得我立马想写歌了[色]","2020及以后"
"744","危险危险危险好久不见！当你看到我出现！感叹号卡点","2020及以后"
"745","这首歌希望再次见证大家的夏日恋爱??","2020及以后"
"746","段嘉许×桑稚《偷偷藏不住》桑延×温以凡《难哄》江忍×孟听《偏偏宠爱》谢辞×许呦《她的小梨涡》许星纯×付雪梨《等风热吻你》陆嘉珩×初栀《可爱多少钱一斤》沈倦×林语惊《白日梦我》傅斯珩×安歌《你乖不乖》秦孑×陈恩赐《银河之上的你》章峥岚×萧水光《我站在桥上看风景》","2020及以后"
"747","“生活从无到有虽然一路颠簸坎坷，但好在身边始终有一人不离不弃。不管生活再苦再累，只要想到他，心里总是溢满幸福感。","2020及以后"
"748","吃饭听睡觉听打王者听洗澡听","2020及以后"
"749","夏天的风吹到东京吹瞎了裁判的眼睛","2020及以后"
"750","你还小，只知道帅哥和腹肌，等你长大以后你会就知道，白天正经上班，傍晚接你下班，回家做饭给你吃的男孩子有多香","2020及以后"
"752","因为慢热，所以也会慢冷当我预热好了，你却走了","2020及以后"
"753","男生不主动就真的没戏了","2020及以后"
"754","希望可以有一个男孩子懂得我的慢热，在我旁边唠唠叨叨，跟我说说话找找话题，永远不会没话讲尴尬，活泼可爱，足够的偏爱，这样就够了","2020及以后"
"755","感谢这首歌让我忘记了蜜雪冰城甜蜜蜜","2020及以后"
"756","歌词是什么意思，这是要喝105℃的水吗，常态下水沸点为100℃左右，实验室里的105℃的水已经变成固态冰了，这是怎么喝的（纯正理工男一枚）","2020及以后"
"757","“关于阿肆在阿肆翻唱大赛中获得第二名这件事”[鬼脸]","2020及以后"
"758","歌能循环99遍，错过的人却只能说再见","2020及以后"
"759","考试前禁曲：1两只老虎爱跳舞；2蜜雪冰城；3热爱105度的你","2020及以后"
"760","谢谢大家喜欢～这首歌唱完感觉人都要破碎了用尽力气??♀?anyway能让你们感到一点点?治愈我就心满意足了再次谢谢大家也愿大家三冬暖春不寒天黑有灯下雨有伞喜欢的都拥有失去的都释怀??","2020及以后"
"761","照片我没删我只是保存云端了，东西我没丢我把它们装进了那个大箱子里，而你我提醒自己忘记你了，我把你整理好放进了我的电台里面，我放下所有的回忆，来成全你的爱情[鬼脸]","2020及以后"
"762","“好像没有我，你的生活也不会有差别，你开心时照样开心，难过时照样难过，在你的世界里我与万物并列，或许不如万物”","2020及以后"
"763","突然很羡慕那些一次谈一辈子的，最好是从高中，彼此看着对方，从男孩嘻嘻哈哈渐渐成长变得成熟稳重，女孩从素颜坦诚变得精致漂亮，一起走过人生这段的一定幸福难忘","2020及以后"
"764","我和她曾经约定三年后再见，三年后如果我有钱，就来娶她。三年后，我来找她，她已为人妻嫁了一有钱男子，还生了一个女儿，而女儿的名字，是我和她的故事。有时候就是如此，放弃是因为无能无力且不得已。我不会难过，对方过的幸福已然足够！","2020及以后"
"765","看得出来法老不会花和太阳的英语","2020及以后"
"766","谢谢肯迪仔和法老，法老哥哥对这首歌太用心了，下次我要请他吃烤串","2020及以后"
"767","我是法老超甜，准备被我的花、太阳和雨击倒吧，biubiubiu","2020及以后"
"768","看得出来三个英语app都用上了","2020及以后"
"769","动了情的法老连英语单词都会说几个","2020及以后"
"770","康姆士是怎么做到又土又浪漫的","2020及以后"
"771","我原本可以做个渣男都是因为害羞老实懂事单纯专一害了我","2020及以后"
"772","康姆士:我唱对一个翘舌音算我输","2020及以后"
"773","谢谢康姆士！和喜欢的人一起看完现场之后对他表白，现在已经在一起啦！我们会一直一直开心下去！希望你们也是哦！我们有在互相照亮哦！@真的要好好睡觉@康姆士COMZ","2020及以后"
"774","不想一个人看康姆士这句话我已经说烂了","2020及以后"
"775","牛顿发现了万有引力，我发现了你对我的吸引力~","2020及以后"
"776","每个女孩都是公主无论在破阁楼里还是城堡里。","2020及以后"
"777","这首是有正规版权重做的版本之前作词曲的问题也已经更正了希望大家好好听歌就好了[爱心][爱心]","2020及以后"
"778","歌手我们学校的，我女朋友，挺一波","2020及以后"
"779","我觉得黄磊有一句话说得很对“我觉得是正常的，15岁不叫早恋。”“我女儿要是十五岁谈恋爱我觉得正常。”“恋爱就是恋爱，情窦初开，是美好的，早恋这个词就不是好的，很混蛋，什么叫早恋？”“我绝对不会看的，她就是把手机放桌子上我也不会看，她有她的人生，我要让她有更好的人生，从现","2020及以后"
"780","篮球赛我们班落后20分，当着首歌响起来的时候，我急停跳投，超远3分，干拔，最后我带领队友落后30分","2020及以后"
"782","你为啥删gai哥vx","2020及以后"
"783","代入感很强，我已经在NBA总决赛上用crossover晃飞艾弗森了","2020及以后"
"795","周延：谢老板直接念我身份证得了.","2020及以后"
"796","你们搞紧趁这几年把钱赚了，再过五年十年你被忘记，到那个时候老子们不出歌了只当老板，照亮了视野的每一个方向是我要的vibe，手底下全部都是rapstar，老子跟你摆future你跟老子摆现在-谢老板??","2020及以后"
"797","还能说什么呢，这就是谈到中文说唱历史永远都绕不开的三尊大神，中文说唱技术流的天花板，梦幻联动，技术交流，我们听爽就完事了。","2020及以后"
"798","三个神分工明确谢帝负责揭穿空壳贝贝负责用技术干碎空壳AR负责给空壳收尸加祷告","2020及以后"
"800","不喜欢任何人的感觉真的爽死了","2020及以后"
"801","中间英文的那段真的太好听了","2020及以后"
"802","我傻了“Lipstheangel.”这句词他到底咋唱的","2020及以后"
"803","代入感太强.我已经在床上躺着了[外星]","2020及以后"
"804","早上吃着我做的早餐身上还残留着昨晚缠绵的气息和你靠在厨房的墙壁热吻！！！","2020及以后"
"810","阿拉斯加湾是世界9大著名海湾之一海面呈现两个颜色由于密度关系两片海不能融为一体就像有些感情相爱但终究不能在一起。","2020及以后"
"811","我们不是在赌气吗你怎么跟别人好上了","2020及以后"
"812","上天啊能不能别让我掉头发","2020及以后"
"813","作文都是我编的其实从小到大都没有人给我送伞","2020及以后"
"814","这短短的一生，我们最终都会失去。不妨大胆一些爱一个人，攀一座山，追一个梦……","2020及以后"
"815","2020.7.25，周深出道六周年。14年初次听到化身孤岛的鲸时我在上高中，每天晚上都要听着入睡，到现在居然已经六年了。这首歌是他送给粉丝的礼物，不忘初心，在新的起点上，可以想象未来一定会有很多困难的时刻，但生米们会一直一直听你唱歌，陪你走下去。希望你有更多的美梦成歌，希望你能飞得更高，","2020及以后"
"816","周深从拼盘演唱会到个人演唱会，再到今天的线上Live，收听场地不同，听众越来越多，周深出道六周年快乐?未来，你会更好！未来，也一直有我们?","2020及以后"
"817","从卡布到周深，你还是那个只爱唱歌的男孩。不想睡，unravel，化身孤岛的鲸...你一点一点地把卡布带出来让我们认识这个爱唱歌的男孩他叫卡布也叫周深[泪][泪][泪]","2020及以后"
"818","我记得，生物刷题上有这么一句话。当全世界抛弃你时，你要记得，你身上有上亿个细胞，都在为你而活。","2020及以后"
"819","“你眼中有春与秋，胜过我见过爱过的一切山川与河流。”当时的你，还是一只化身孤岛的蓝鲸。这只鲸，从茫茫大海中游出，被越来越多的人们听到、看到，正如歌词中所说：“鱼虾在身侧穿行也有飞鸟在背上停”。现在的你，被人群围绕，而我们，仍旧是一直陪伴在你身边的鱼虾与飞鸟，把你当成我的整个宇宙","2020及以后"
"820","大概每个女生都很喜欢被人称为公主，小朋友，小妹妹，宝宝，而不是小姐姐，姐，大哥，兄弟。就像那天我和妈妈站在雨里等爸爸来送伞，我看见妈妈在电话里对爸爸百般要求，羡慕地听见爸爸在电话那端嘻嘻一笑，说：‘’好的，我的公主大人。‘’","2020及以后"
"821","wow有另一个版本了希望我的歌赶紧?","2020及以后"
"822","有人骂你精神小伙有人爱你骑着鬼火","2020及以后"
"823","弟弟：姐姐你看，珠穆朗玛峰！姐姐：别闹，那是姐姐的作业","2020及以后"
"824","从来都没觉得野心勃勃是贬义词","2020及以后"
"825","总算是出来啦～别再说我老长时间不发歌啦。希望大家喜欢??","2020及以后"
"826","你若化为夜空中的一抹月影我愿化成深海里的一只蓝鲸你若化为夜空中的星月我愿化成孤独的深海我的一切都有关于你，也有关于海，愿我能久居深海，也能一直拥有你。。","2020及以后"
"827","因为海底这首歌认识的三块木头，然后偶然遇到直播，进了直播间发现就一直唱歌，也不和别的主播PK，唱歌也超级好听，今天又去了直播间，出新歌了，我来抢个前排，三块木头唱歌超级好听，是个宝藏男孩，希望三块木头越来越好，粉你","2020及以后"
"828","“玩什么扩列”“谈什么恋爱”“考个全校第一谁都认识你了”","2020及以后"
"829","“张嘴，哥哥教你怎么接吻”——段嘉许。","2020及以后"
"838","真服了唱成这样也敢发出来，你不怕我直接跪下来求婚？","2020及以后"
"839","大家不要被骗了！！他的词都是抄的，真的，我在新华字典里面查过了，所有字都一样，只不过顺序被他打乱了","2020及以后"
"844","你们知道吗?这家伙被中国新说唱淘汰了","2020及以后"
"845","这才叫做说唱，中国说唱终于脱离了小情小爱走向讽刺而有力的新时代。","2020及以后"
"846","花了一个下午写的歌，睡了一觉发现在好像火了?其实资料都搜集好了，本来准备写篇长文，因为我太懒了(不是，在一个闲适的午后，一不小心就把这首歌写出来了","2020及以后"
"847","一切抨击“方”的歌我提供无偿混音，自己热爱的土地容不得污蔑。（来自刚钓上一条鱼就被叫去做歌的我","2020及以后"
"848","真正的rapper不用吸毒，真正的嘻哈不用脏话","2020及以后"
"849","大家如果喜欢，也可以去听听别的歌呀！还有我不是专业的?就是一个音乐爱好者！专业队的轻喷","2020及以后"
"850","兄弟萌，希望我这首歌能给你们带来快乐！","2020及以后"
"851","我是周淑怡，我后悔了","2020及以后"
"852","药水哥加油我比较喜欢这种抒情rap我平常也写这种的看着你热爱说唱就值得被尊重看着你也慢慢的额进步[可爱]","2020及以后"
"853","我睡过公园，吃过生鸡蛋，只为坚持艺术之路。兄弟萌，把保护打在公屏上！","2020及以后"
"854","也许根本没有刘波或者人人都是刘波","2020及以后"
"855","是鹰就不留恋地平线，云层上见～","2020及以后"
"856","孤独的路途感谢有你的陪伴虽然我们的距离隔着一副耳机Dontcrymybabe","2020及以后"
"857","高三算个屁啊！老子拼了行不行啊！","2020及以后"
"858","“头等舱和经济舱是一起落地的。”","2020及以后"
"859","孩子别紧张，生活不是竞技场，不留恋地平线，又何尝不是想学鹰一样展开翅膀飞向天空，朋友，我们云层上见！","2020及以后"
"860","既然这首歌突然火了那我就说说起因是看到一个故事吧；一个辛辛苦苦结束一天工作的人经过马路时突然想起十七岁那年喜欢的女孩拉着自己衣袖的时候是让他不要走时间不会回头错过就是错过了","2020及以后"
"862","你真的好不注重细节毁了我好多温柔","2020及以后"
"863","有个男孩差点为我自杀，他说死也不跟我谈恋爱???","2020及以后"
"864","友友们可以推荐一些跟归暑这种差不多的rap吗啊啊啊啊我真的太喜欢了","2020及以后"
"865","说不想烂大街的，你们有没有想过这些音乐人多需要这样的机会","2020及以后"
"866","droptop我像一个井盖","2020及以后"
"867","那是王源玩autotune了吗","2020及以后"
"868","改名字咋了不听别听啊我就直说80%以上的人不知道frowned什么意思换一个更好搜的名字有什么问题吗","2020及以后"
"869","这声线听着像13岁的处男","2020及以后"
"870","马思唯的声线，感觉应该是一个处男。","2020及以后"
"871","现在什么年代海贼王还在连载，做你自己想要做的进来吧别站门外，再叫上你的姐妹就算做的错了也对，能在伤心的时候笑也可以开心的流眼泪。","2020及以后"
"872","不怪她怪我太爱吃豆瓣酱","2020及以后"
"873","不怪她不怪她毕竟她也不爱他","2020及以后"
"874","她开着邻居的Toyota出了车祸","2020及以后"
"875","歌词读后感放学后交到我的办公室/","2020及以后"
"876","辛苦了我们三十这些天压力很大但是你还是好好的把这首歌完成了！！！！！！把三十nb打在公屏上！！！[多多大笑]","2020及以后"
"877","三十直接被催裂开了，鬼知道三十这几天遭受了什么…","2020及以后"
"878","卧槽wc2分38秒那喘了一声好欲！！！","2020及以后"
"879","跟男朋友一起听后半段怎么一直喘？？？我怎么解释我平常都听的都是前半段？","2020及以后"
"880","我很好我很好我很好，希望你也很好。","2020及以后"
"881","我过得很好，只不过你能不能别突然回来，我可是好不容易才忘记了","2020及以后"
"882","大海很美，但是我们的船靠岸了。","2020及以后"
"883","爸爸出轨，妈妈病倒，妹妹还小，我真的快撑不下去了","2020及以后"
"884","网易满是痴情种，现实皆是负心人","2020及以后"
"885","《茫》小故事别人在补习班挣扎的时候，李润祺已经趁着课余时间，迈上了自己的器乐创作的道路。15岁的李润祺，正如歌中唱的“我试着把孤独藏进耳机”，对音乐与未来，抱有那个年纪独有的憧憬，满腔孤勇，渴望在舞台上绽放光芒远赴异国交流，生涩的少年显得兴奋又迷茫。","2020及以后"
"886","15岁的我，来自职教普高班，在这里我很崩溃，周围的人除了谈论哪个男生好看哪个女生好看，就是到处谈对象，就算我在考试前好好复习都成了罪过，被别人嘲讽，不喜欢和某些人说话别人就会质疑我，问我为什么不说话，对于我这个敏感并不善于交际的女孩子来说这都是致命的打击，这根本不是我要的青春","2020及以后"
"887","我们既渴望大声宣读自己的爱情宣言，却又在得不到的爱面前，活成了静音。然后，在无数个孤独的夜晚，戴着耳机，望着万家灯火，听着别人唱爱情宣言。","2020及以后"
"888","路人，想问一下这是15岁时写的歌吗，觉得很好听","2020及以后"
"889","有线耳机的安全感无线永远给不了","2020及以后"
"890","谈啥恋爱啊单身狗开心喝奶茶不好吗","2020及以后"
"891","百香果双响炮永远的爱","2020及以后"
"892","?抽十杯CoCo奶茶送你们喝这条底下评论就行","2020及以后"
"893","撒娇是察觉到了被偏爱的可能","2020及以后"
"894","今天榜一的coco额外的香","2020及以后"
"895","如果你有空，陪我过个冬","2020及以后"
"896","我以为这首歌是薛之谦唱的，薛之谦也很适合唱这首","2020及以后"
"897","一个定律：“被追到的人反而最后最痴情”","2020及以后"
"898","我下车了出租车司机的灯牌又亮起来了","2020及以后"
"899","人是我删的该怀念的我也一分没少","2020及以后"
"905","总以为自己是例外，却没想到是个意外","2020及以后"
"906","谢谢大家熬夜等新歌。愿以后的路有人送你回家??","2020及以后"
"907","经历的永远无法说出来，讲出来也无法身同感受，脾气越来越好，笑容越来越假，生活真的谁也不放过。","2020及以后"
"908","我不适合谈恋爱，只适合无聊的时候聊聊天，别长期和我发展下去，因为你会发现我是个很糟糕的人，不是不给你信任，是我太没有安全感了，我怕你会离开怕你还有别人，哪怕是一件很小很小的事情我都会胡思乱想，所以啊别再给我温柔了，之前经历过的我不想再经历一次了。","2020及以后"
"909","独自撑伞雨才不会落到肩上.","2020及以后"
"910","唱出了心如死灰的感觉，像极了无理取闹的女朋友逼自己的男朋友唱的。","2020及以后"
"911","夏天迟暮的霞光，正如皆是笑意的你","2020及以后"
"912","光是可爱还是不够我要成为你们眼中的成熟男生","2020及以后"
"913","买菜好高冷唱的像只对你没感觉","2020及以后"
"914","现在全网络唱歌的都是这种声音","2020及以后"
"920","“因为你在此相信，我想我是爱你”","2020及以后"
"921","""""""怕目光夹杂爱意，所以闭上了眼睛""""""","2020及以后"
"922","“宇航员终会找到他的月亮，我也会”","2020及以后"
"923","等我娶到了周静静一定回来告诉你们","2020及以后"
"924","逼问别人为什么不回消息是挺没意思","2020及以后"
"940","遇到这种歌就会收藏起来，接送女朋友的时候不经意放出来，回家的路上都是甜甜的。","2020及以后"
"941","我是HLH，我最爱的男孩是LXY??","2020及以后"
"942","我是LXY，我最爱的女孩是HLH??","2020及以后"
"943","身边碎碎念念的人也要成为岁岁年年的人","2020及以后"
"944","“一个人走路也是和地球单独约会”","2020及以后"
"948","双＝去找她表白单＝从此陌路零=听天由命","2020及以后"
"950","我把我的温柔从此设置为仅你可见?","2020及以后"
"951","有个女孩用这首歌对我表白","2020及以后"
"952","如果我的futurebass能让你心动，我就会很感动[爱心]放下过去，要相信总会有人在未来等着你","2020及以后"
"953","男声是吕帅小哥哥，女声是陆怡雯小姐姐，我是创作人以及制作人，是我们3人共同完成了这首甜美电音流行单曲，感谢你们的支持！[爱心]","2020及以后"
"954","不好意思哦各位，是暗恋的男生分享给我滴！！！","2020及以后"
"970","你们相信有平行世界吗","2020及以后"
"971","我相信有平行世界，但我不相信我们会在那个世界相爱！我爱你，但同时我也是被爱的；你爱不到那个人，但我爱你呀。所以不管在哪个世界，应该都不会如我们所期待那样，我们都会要耐心的等待，等待某个人，那个人会在某年某月某日来到。","2020及以后"
"972","在某年某月某天的平行世界你是否还会出现在我身边还是放不下最想爱的你终究是你，唯独是你?","2020及以后"
"973","告别诗玩家全体起立！[多多大哭][多多大哭][多多大哭]","2020及以后"
"974","或许在量子力学的平行世界里，在每一次刻骨铭心的选择里，在茫茫的恒河里，在无垠的宇宙里，总有一个你终生幸福。","2020及以后"
"975","1996+24=2020.新年快乐.","2020及以后"
"976","她的身上本无光，一切源于你的眼。","2020及以后"
"977","终有一天，你会成为他人记忆的一部分。尽你所能，成为一段好回忆?","2020及以后"
"978","“单数”我把他追回来“双数”我选择放弃。","2020及以后"
"979","那就R.ememberH.appy记得开心","2020及以后"
"980","这首真的不是情歌啊，这首就是很励志的一首歌啊，送给每一个追梦人的呀！","2020及以后"
"981","2020hitsong预定??","2020及以后"
"982","只能放任自己失控?","2020及以后"
"983","我室友和我偶像的歌终于发了[星星]乱好听不开玩笑[禁止]","2020及以后"
"984","张靓颖：帅哥第一，比赛第二。潘玮柏：开心第一，比赛第二。吴亦凡：发电第一，比赛第二。GAI：GOHS第一，比赛第二。朴宰范：出场第一，比赛与我无关！","2020及以后"
"987","今天作文题目写的是《生当似鹏起终当如鲸落》","2020及以后"
"1000","余生漫长，还请多多指教。?","2020及以后"
"1001","愿我今年高考加油！乾坤未定，你我皆是黑马。","2020及以后"
"1002","宁愿单身，也不将就恋爱余生漫长，要找一个三观一致、相处不累、待你如珍宝的人微笑共度","2020及以后"
"1003","今年高考很恐怖它会拼命奖励在寒假里自律的人","2020及以后"
"1004","“要变得温柔和强大，就算哪天突然孤身一人，也能平静地活下去，不至于崩溃。”——新海诚《言叶之庭》????","2020及以后"
"1013","后来发现搞暧昧比谈恋爱好太多.","2020及以后"
"1014","颜人中和沈以诚真的绝了啊[流泪]","2020及以后"
"1019","网易云，全国人民都在用的写作APP","2020及以后"
"1029","郑爽用官方的回答了她的废话","2020及以后"
"1035","“孤独的最高境界是什么？”“你与每一个都可以聊的很好，但哪一个都不是你的朋友”","2020及以后"
"1036","突然发现我没什么朋友也没有很爱我的人我的心突然就空了原来我这么孤独茫茫人海中就只有我自己","2020及以后"
"1037","23:19晚安明天又是美好的一天","2020及以后"
"1038","老版本也好听新版本也好听人是向前走的总不能停滞不前吧","2020及以后"
"1039","生日愿望：希望奶奶手术成功11月25日","2020及以后"
"1044","后来你会发现文学不是自由的创作不是自由的人格不是自由的演员不是自由的歌手不是自由的任何职业都不是自由的只有傻逼是自由的","2020及以后"
"1048","歌名没有改呀宝贝们这是为了方便搜索加了个副标题过一段时间如果不喜欢我就把副标题去掉爱你们??","2020及以后"
"1049","我是黑客，你们放心，赞你们点不了的","2020及以后"
"1063","哈哈哈哈看着封面我懵了，我还以为我出歌了哈哈哈哈哈","2020及以后"
"1070","河南的一个十八线小县城，有蜜雪冰城没有万达没有星巴克没有沃尔玛说它大吧出门能遇见好几个熟人说它小逛了好久也没遇见她","2020及以后"
"1071","颜同学你好，我是隔壁班的颜料，嗯…我想你可能并不知道我啦，但我对你很了解喔～爱吃美食的你，爱打电动的你，喜欢大海和冲浪的你，把音乐当做初心坚持做自己的你，遇到你的那天，我的目光就离不开你了，仿佛你在哪里，光就在哪里，兜了一圈，还好遇到了你，这份小美好我会一直深藏心中，不会再忘掉～","2020及以后"
"1072","“你根本忘不掉任何一个你认真喜欢过的人???”","2020及以后"
"1073","叮咚门开了""你怎么来了""""我……我……你还好吗""沉默一会""你走吧，回不去了""""我是认真的""""我知道""过了一段时间""妈妈，那个叔叔是谁呀""""没什么，一个路人""","2020及以后"
"1074","其实“袁湘琴”比“江直树”更难遇到","2020及以后"
"1084","汪苏泷的的等不到你第37句是我想对你说的话","2020及以后"
"1109","满脑子都是美嘉淋雨后被锁在阳台靠在子乔怀里的画面","2020及以后"
"1125","KUN式情歌，慵懒跳跃的旋律，低声吟唱的爱意，从迷幻的前奏到不徐不疾的突然告白，整首歌节奏舒缓，安静中涌动着暧昧的暗流。独特的风格，是KUN对彼此之爱的诠释，两年，互相陪伴和依赖，不管是babygirl还是lover，都是我们啊?","2020及以后"
"1126","内娱对性感风一直很有偏见，但是我觉得一切都是为舞台为表演服务，还有这首歌的制作我个人是觉得非常厉害的，有人不喜欢很正常，毕竟不可能要求所以人的品味都一样，不喜欢就离开就好了，不用踩一脚。","2020及以后"
"1127","我们的故事源于蓝玫瑰的初见?蓝玫瑰的花语：“相守是一种承诺，清纯的爱。”蓝玫瑰是白月光也是初心，时光往复，少年如初见。从“babygirl”到“girlfriend”再到“lover”一直是你，我们一直在，我就知道我从未爱错过你。人世间有百媚千红，唯独你是我情之所钟。?","2020及以后"
"1128","我道歉，我玩过篮球梗，现在可以转粉吗","2020及以后"
"1129","Bemylover那句低音炮苏到爆炸，坤简直就是隐藏的声优。从Iwannagetlove到Iknowyouwantit.我疯狂体会小鹿乱撞。气氛升温，脸颊铺满红晕，危险又迷人的心魄。","2020及以后"
"1130","多年前，听许嵩是一种潮流。多年后，听许嵩是一种习惯。","2020及以后"
"1131","这个时候听到嵩哥的歌就是超级浪漫的事啊！！","2020及以后"
"1132","你听五月的声音，简单的歌曲，有没有让你动心，是否有一段，故事的结局，泛黄记忆，惊动了你的情绪，你看窗外的风景，麦田的美丽，有没有让你惊喜，请你牵着我，带上那吉他，穿过黎明，我一路唱给你听，我要唱遍千山万水，把它偷送到你心底，我要写一首歌曲，故事里面只留一个你。许嵩，我爱你！","2020及以后"
"1133","虽然我是做hiphop的但是许嵩绝对可以称之为我的说唱启蒙者之一[晕]","2020及以后"
"1134","《深夜泡泉》你泡泉还是泡我眼神里求知欲多心里燃起了焰火想说什么勇敢说","2020及以后"
"1141","5岁喜欢上的吧，哈哈哈哈，谈宋5岁给橙子剪了个狗啃刘海，然后在日记里面写：这样橙子的男同桌就不喜欢她了，也没有男生喜欢橙子了，除了自己","2020及以后"
"1144","谈宋多喜欢橙子啊连她没上车都没有发现","2020及以后"
"1152","邓紫棋对粉丝说，这首歌唱不了就别勉强[大哭]","2020及以后"
"1153","李荣浩这几年挺火的。现在应该轮到周兴哲了吧。","2020及以后"
"1154","三毛曾经说过：“上天不给我的，无论我十指怎样紧扣，仍然走漏。给我的，无论过去我怎样失手，都会拥有。”","2020及以后"
"1158","鹿晗在最火的时候公布了关晓彤。","2020及以后"
"1168","一个东北人是怎么唱出港台腔的","2020及以后"
"1169","汪苏泷说：“我的歌除了我自己，谁唱谁火[大哭]”","2020及以后"
"1179","希望大家不要认为拥抱是唱给同志的歌，它是一首唱给爱情的歌呀，世界上的每一种爱都不该被区别对待，他们和她们，和我们的爱并没有什么不同。","2020及以后"
"1194","还记得魏晨上快乐大本营，打给初恋，一个记得七年的电话，一个七年没变的号码，场上所有人都在笑，只有他一个默默红了眼眶","2020及以后"
"1203","王嘉尔还会亲自回复的吗？？？？？我哭得好大声","2020及以后"
"1205","今天二模距高考只有59天啦最近对一个外班男生产生了好感他成绩挺好的希望自己能够静下心来好好学习纵有千古横有八荒但愿我们前途似海来日方长","2020及以后"
"1206","“我要的是偏爱，是例外，是首选，是宠溺，是唯一，是你只偏向我，是你能陪我走过漫长岁月，永不离开。而不是说话中立，忽冷忽热。区别对待才是我要的爱。我要的爱只在你身上存在，我只想要你，我明白我要的爱会把我宠坏，可因为是你，没有可后悔的。我只爱你。”","2020及以后"
"1207","祝天下母亲母亲节快乐","2020及以后"
"1208","今天也要做赖在奇奇怀里的小朋友呀?","2020及以后"
"1209","「我要的爱会把我宠坏」喜欢你时总是会因为更亲密而想要更霸道地粘着你一点第三期青春重置计划首发?奇奇来啦用撩人少年音歌唱你的青春","2020及以后"
"1210","尝尽人间疾苦还要拼命留下温柔","2020及以后"
"1211","无所不能！一正，压百邪！","2020及以后"
"1212","你的晚安是我世界里的日落。","2020及以后"
"1213","小朋友收起小小烦恼挂起月亮睡个好觉相信邪不压正一切都会好起来的","2020及以后"
"1214","1　　这是小魔王这个月第三次偷偷摸摸来天庭了。　　也是第三次被值班的天将抓到。　　天将：魔界和仙界向来势不两立，你多次鬼鬼祟祟，是为了窥探天机还是偷取宝物！　　小魔王缩了缩脑袋：你们这的桂花糕太好吃了。　　天将：……　　南天门下，小魔王穿着一条黑裙","2020及以后"
"1217","《九月底》《我想》《和你》《在一起》","2020及以后"
"1219","“在他的马思唯中发现了我的余佳运我就知道他也喜欢我辣”","2020及以后"
"1225","可是我偏偏是个gay，喜欢的却是个直男，就只能是我自己唱独角戏，也只能是我一个人一厢情愿，可惜他永远也不会知道有个男孩子爱了他很多年","2020及以后"
"1226","哈喽大家～关于有部分小可爱说我的新歌副歌开头两句跟张杰老师的歌旋律一样，在这里统一回复大家的疑问吧～1、首先《独角戏》这首歌当时创作之时是由键盘老师先出的钢伴然后我才编写了主旋律的唱，副歌前半部分我们用的和弦是C调的4536，而张杰老师用的是A调的156251。我们用着不一样的和弦进行哟～","2020及以后"
"1227","后来啊，乡愁是一首浓浓的情歌，我听着这首，回忆的却是那首。","2020及以后"
"1228","这是抄了张杰的《他不懂》吗怎么这么像","2020及以后"
"1229","听了开头我就说咋这么熟悉原来是抄袭张杰的","2020及以后"
"1249","我讨厌下雨天更讨厌没有你的每天","2020及以后"
"1250","谢谢大家??感恩歌手，希望有机会能够演绎的更好，对得起这首爱了很久的我们的爱","2020及以后"
"1251","“质疑的声音任它去吧”","2020及以后"
"1252","我是她的黑粉，不得不说，她今天的表现真的很惊艳到我，这个女孩的进步真的好大。希望接下来她可以带来更好的作品，让我心服口服。看到你在台上小心翼翼说话的样子也竟有些许心疼，加油吧黄霄雲，未来可期","2020及以后"
"1253","今晚的黄女士我又爱了，曾多次翻唱jj版本的《我们的爱》，这次在歌手舞台上再次演唱这首歌，不一样的演绎，听了很多次这首歌，还是被惊艳了，宝藏歌手黄女士惹黄女士多唱一首赚一首，突围赛失败了也没事，反正已经留下了这么多首好作品，这次就算失败了，以后多的是机会！期待哦！","2020及以后"
"1254","吉克把手中的邦尼送给黄霄云的时候，我就觉得也是对霄云的肯定，未来可期！！","2020及以后"
"1262","我是一名警察一次出差抓坏人在一家酒店里一个接着一个搜房间发现了女朋友和一个男的俩人身上只裹着浴巾我没有对她说话只是看了看转过头，接着搜另外的房间然后犯罪嫌疑人抓到了押出了酒店坐上了回局里的路上我今年22岁对得起国家对得起父母","2020及以后"
"1265","这首歌的创作灵感来自两个我在生活中认识的女孩，她们都多多少少因为外界的固有印象而为之妥协过。无论是从事的职业，身上的纹身，还是生活的方式。尽管这一切都不会在一时半会有什么改变，但希望这首歌能带给她们一丁点的勇气。继续坚持做自己想做的，拥有自己想要的人生[爱心]","2020及以后"
"1266","报复这世界却带着风度","2020及以后"
"1267","但我喜欢你腰间的纹身","2020及以后"
"1268","普通车辆高速公路外罚款扣分如下：1、超速处罚超过规定时速10%以内，暂不处罚；2、超过规定时速10%以上未达20%的，处以50元罚款，记3分；3、超过规定时速20%以上未达30%的，处以50元罚款，记6分；4、超过规定时速30%以上未达50%的，处以200元罚款，记6分；","2020及以后"
"1269","编曲来晚了[爱意]现在还蹭得上嘛","2020及以后"
"1293","今天吃到了春卷。是在一家店抱着试试的想法点的。第一口，嗯…像极了外婆做给我吃的味道。一晃好多好多年啦。哎呀，外婆，我想你了，你在那边好吗，找到爷爷了吗…","2020及以后"
"1295","这一年对大家来说都太难了我还不够优秀能做的不多但也想用小小的力量尽力而为只是想你们听我的歌时能被安慰哪怕暂时。还有会好的真的会好的活着就会好的。","2020及以后"
"1296","以后见不到的日子要按年来算啦","2020及以后"
"1297","半山腰太挤了，你该去山顶看看[爱心]","2020及以后"
"1298","任然:听了老娘的歌，谁也别想忘记前任","2020及以后"
"1299","讲完这个故事我就注销了希望云村的大家有情人终成眷属虽然我没有得到很好的爱但是我希望每个人都可以和喜欢的人有一个好的结局。","2020及以后"
"1305","男子咬舌天团新年巨制《自夸小队》，希望各位新的一年自信爆棚，实力也爆棚！鼠年快乐！","2020及以后"
"1306","新年快乐，祝身体健康！！！","2020及以后"
"1307","?切切嘴太快学不来?杯子哥口音特别学不来?博爱输出全靠吼学不来?马哥太专业学不来好我不学了?我要这硬币有何…哦这儿没有币","2020及以后"
"1308","感谢编曲@LGlywww","2020及以后"
"1309","hook:每句歌词都在欢迎，好客茶没错了verse1:边学边玩没替身，财大茄没错了verse2:花里胡哨地炫富，土味北没错了verse3:路上能拍三个vlog，慢行猩没错了verse4:头以下十一厘米，变种马没错了","2020及以后"
"1310","太主动反而被敷衍只好把想念和热情都收敛","2020及以后"
"1311","“撒娇是察觉到了被偏爱的可能，收敛是知道了自己和他不可能。”","2020及以后"
"1312","“你总是十分收敛，保留着天真一点。”词作打卡放言说：伤感情歌我可太会了越惨越顺手内心住着一个顶级渣男[旺柴]","2020及以后"
"1313","缺乏安全感的人是什么状态：""总是逼着喜欢我的人离开""""逼她离开却盼她回来""","2020及以后"
"1314","真的不是千玺小号吗啊啊啊，这声音太像了！！！","2020及以后"
"1315","一个爱胡思乱想的女孩和一个不爱表达的男孩注定不能在一起","2020及以后"
"1316","一哄就好的女生凭什么不被珍惜.","2020及以后"
"1317","快高考了，最近心情很烦，网课听不进去，总是想玩手机，虽然手机玩完负罪感很强，可就是忍不住，我知道我现在应该努力，可是对未来还是一片迷茫，突然间听到这首歌，我也就释然了，结局不论好坏，只要努力过，便不负自己","2020及以后"
"1318","谢谢大家来听(;o;)以后我还会多多尝试中文歌的！","2020及以后"
"1319","在pyq看见的一个姐妹分手后发的，感觉戳到我了...“毕业旅行和他一起去了西北，去了拉萨，去看雪山看沙漠看银河。可是拉萨大大小小的佛也没有保佑我，对流星许愿说要和他结婚也没有用。”????[心碎]","2020及以后"
"1325","世界上有三种人，有医生有病人，还有一个不一样的你或自己。","2020及以后"
"1326","认识一下吧他不止叫隔壁老樊他叫樊凯杰他一直很努力认识一下吧他不止叫隔壁老樊他叫樊凯杰他一直很努力努力证明自己希望世界对他善良努力证明自己希望世界对他善良","2020及以后"
"1327","黑刀老师：""隔壁老樊《第三种人》，是我本期最喜欢的一首。是时候放下那些奇怪的滤镜了，隔壁老樊很棒。这位年轻的唱作人正在一步步接近他真正的梦想，他有嗓音，有高于他目前审美和认知的音乐追求，有极其稳定的心态，这首《第三种人》足以让人对他刮目相看。虽然《第三种人》还不够成熟，还有太","2020及以后"
"1328","我终于明白许嵩为什么不参加任何的综艺节目了，喜欢你的人不管怎样都会喜欢，不喜欢你的人你再怎么改变还是不喜欢你，就像这期唱作人一样，老樊改变了曲风和自己，不喜欢他的人还是会挑毛病，第一期唱的你我不一说是老一套，这期又说这首歌在现场有优势，还是喜欢马頔的，这就是郑钧这期说的。","2020及以后"
"1329","喜欢马頔，也喜欢老樊…好想看他们继续在唱作人2里面聊天","2020及以后"
"1330","你执着过，尝试用执着去换永远；你洒脱过，试图用洒脱去换解脱。是留下遗憾，或我不后悔，都不过是一次你不可逆的选择；是半途而废，或义无反顾，都不过是一场叫我愿意的浪费。这一次她唱《半途而废》，想要紧抱住你的不后悔；这一次她问“你又何苦”，想要带你走向海阔天空。","2020及以后"
"1331","拉拉把王靖雯的歌唱出了徐佳莹和王菲合体的感觉[憨笑]","2020及以后"
"1332","耿斯汉“温柔的女孩子应该想尽办法保护她”所以我没有奇袭她","2020及以后"
"1333","高考倒计时72天。听徐佳莹的不要半途而废哦！[可爱]加油，祝高考学子以及即将高考的拉拉粉们考上自己理想的大学！","2020及以后"
"1334","拉拉：这首歌就是想要告诉大家就是不要半途而废，或许找回初衷以后，就不会想要放弃了。拉拉每次你的歌都能给我带来满满的能量，传递满满的爱与感动，我爱你！背上吉他弹唱的你也好美好帅！全能拉拉！你好棒！","2020及以后"
"1335","“高一报文理科的那个晚上我们在操场走着你突然问我选文还是选理我慌了就像你在问我选前途还是选你.”","2020及以后"
"1336","我只是一个背后支持二智的幕后者可能你永远不会注意到我二智宝贝未来可期你会越来越好我爱你呀","2020及以后"
"1337","幕后的欢喜是最残忍的治愈。","2020及以后"
"1338","虽然是渣女，可奈何她唱歌好听","2020及以后"
"1339","你就像是夏天的那一份清凉为我解暑若要我说初夏最好的礼物是什么？我会说:是你，你就是我穿上西装最想要娶的那一位","2020及以后"
"1340","读书吧做题吧，做烦了做疯就把书扔了，冷静一会再捡回来继续看吧。周而复始这就是简单枯燥的学习。为了能封住那些三姑六婆的嘴，为了自己十年后不后悔，为了老妈鬓上出现的白发，为了老爸应酬时被酒灌坏的胃。","2020及以后"
"1341","感谢有机会获得正版版权！！此次发行就是与片段对应的“抒情版知我”已经取到版权哦～不要在评论里瞎带节奏绝对尊重原唱宝藏！！希望此版本可以给大家带来不一样的感觉吼（给爷顶）","2020及以后"
"1342","女孩给男孩听了这首知我男孩却看完了所有乐评试着找寻女孩的乐评试着在知我里知她.","2020及以后"
"1343","记得当年语文老师讲《氓》的时候声嘶力竭的骂了半个小时的渣男最后还是没止住眼泪","2020及以后"
"1344","笑死我了，终于出来了！大家等了好久，挺不容易的呀，本人独家先听，真的好好听！祝你火遍全网！好家伙～@木斤呀","2020及以后"
"1345","如果把我们这一年互道晚安的次数加总起来去换算成一道公式我希望是长这样总有一天你会知道的n次方","2020及以后"
"1346","去年的4月19日，《晚安》发行，谁也不知道这个男孩，会这么火。可能他自己也没有想到吧^_^。一年后的今天，《总有一天你会知道》也正式上线，我不知道这首歌对于他之后的生活又会有什么改变，但我知道，他唱的歌都会有很多人喜欢。他叫颜人中，歌手颜人中，是我们最好的朋友??。","2020及以后"
"1347","曾经很爱的那个她如今被我弄丢了哎每次梦里都梦到你回来了可我却找不到你如果能在人海中在见到你我想我会抱着你好久好久……","2020及以后"
"1348","总有一天你会知道多刷一题，老公升级","2020及以后"
"1349","词作报道。这首歌，送给那个说句“晚安”都怕会打扰的人吧，你知道吗，其实...总有一天，你会知道","2020及以后"
"1350","1％的包容1％的宠爱1％的陪伴1％的贴心1％的想念1％的理解1％的懂你剩下93％是信任、忠诚","2020及以后"
"1351","我将是一个好女孩气质出众成绩拔尖未来一片光明","2020及以后"
"1352","2020.2.14??????","2020及以后"
"1353","上帝创造世界用了7天，第7日安息","2020及以后"
"1354","这是在说我们的数学作业只写了7%吗？","2020及以后"
"1358","“唉，听说了吗?那户人家…呶，就外边那个穿喜服的娃子，今个他娶亲”“那是喜事啊。诶，等会儿，今个儿是正月十八…正值月破，大事不宜。嗨，哪家姑娘肯嫁与这个缺心眼的娃子，这等婚姻大事也这么不着调”“他娶得是…”“哪家姑娘，说说呗”“就前些日子投河的那姑娘，算算日子，今个她头七”","2020及以后"
"1360","贵集团还缺保洁或者保安吗想应聘一下","2020及以后"
"1361","全中国都晓得成都集团个个是角色?","2020及以后"
"1362","“只要是说唱，我们都会管”","2020及以后"
"1363","你手机里面莫得cdc都显得没得档次","2020及以后"
"1364","Ty，本名烫眼或者掏牙，因为不注意个人卫生，代号秃头，谥号唐溢，代表作《我记不到歌词》《算咯》《我放弃了》《讲素质》《文明》《保证打不死黄子韬和热狗》","2020及以后"
"1365","2、一个人从前犯过错，但不代表他这一生都会一直犯错，他也完全没这个必要，当他这两年花费心力去创作的那些干干净净的作品被人恶意攻击质疑诬陷是抄袭的时候，这首歌就是我最后的态度和diss。","2020及以后"
"1366","你才不是什么污点艺人你是我的浪漫小孩","2020及以后"
"1367","20岁还有0秒到达战场保护我方徐秉龙！","2020及以后"
"1368","1、侵权就是侵权，抄袭就是抄袭，但我决不允许被混为一谈来攻击。写这首歌的目的从来不是为自己过去的犯的错误辩解什么，该道歉道歉该赔钱赔钱，这是每个人对错误的代价，两年前我也是如是去做的，这是我一生自我警示的污点。","2020及以后"
"1369","3、作品是作品，人品是人品，不要因为真的那么讨厌我的作品就来给我安一些我都无法去澄清的事情。我这两年听到的最多的话就是“这个人前女友装满了一屋子”“这个人yp”“这个人人品非常有问题……”sorry我看你真的比我家邻居都了解我呢。","2020及以后"
"1370","有一种期待叫对方正在输入…","2020及以后"
"1371","我终于鼓起勇气不去联系你了，而你似乎也终于诚实地不再敷衍了。","2020及以后"
"1372","前程似锦什么的太虚伪，我祝你贫困潦倒，夜夜想起我的好，我受过的罪你一个也别想逃","2020及以后"
"1373","女孩子那么厉害分得清迪奥香奈儿口红的色号怎么就分不清男孩子究竟是不是真的喜欢你","2020及以后"
"1374","我一直觉得我应该会是个合格的恋人温柔大方善解人意之类的事情信手拈来但是一不小心太喜欢你了所以一切都搞砸了我成了幼稚又小心眼嫉妒心爆棚的讨厌鬼","2020及以后"
"1375","总有那么一个人住在心里，却已从你的世界抽离","2020及以后"
"1376","这次病情好多情侣分了手我们也没有例外","2020及以后"
"1377","太阳不是突然下山的，你我最开始也不是这样的","2020及以后"
"1378","真的逼人回消息挺没意思的","2020及以后"
"1379","有些人不离开你，你永远都长不大","2020及以后"
"1385","酷盖少年小鬼王琳凯以梦为桨以爱做舟在充满暗粉色的新EP《FROMMTOW》中，带我们开启了一段奇妙美好的旅程第三支单曲《最后的外卖》会带给我们什么样的听觉盛宴呢？来～耳朵借给你听让我们一同期待小鬼王琳凯的新歌！《FROMMTOW》这份爱永远双向，王琳凯终将熠熠发光！一个字冲！","2020及以后"
"1386","从旋律2就狠狠的抓住了我的耳朵听了你的歌才知道原来rap可以这么甜洗脑又有内容??王琳凯歌比人出名你真的做到了","2020及以后"
"1387","永不停止尝试的脚步，风格的变幻让人着迷。每支歌曲都是一个故事，延续过去伸展未来，Unplugged保留原声，回归质朴。那《最后的外卖》是@小鬼-王琳凯写给你值得珍藏的依赖。","2020及以后"
"1388","城市很大，心却很空?当你开始独自面对生活，想要去追寻生活的真谛。来听@小鬼-王琳凯全新个人EP《FROMMTOW》第三支单曲《最后的外卖》，陪着你走过那些属于你的专属岁月，找到那份属于你的真正的答案?","2020及以后"
"1389","叮！你的耳机里的男孩再次上线。这次还送上了外卖，被爱唤醒的小孩又陷入了迷茫，在成长路上走到了转折点，在为过去告别。还带来了两个版本，真是让不断的在给我们惊喜。从一开始青涩的少年音，到现在能自如使用自己的嗓音，你的成长我们有目共睹！小鬼王琳凯未来可期?走南闯北?心系小鬼","2020及以后"
"1390","周深:别管我，我要按爆你家门铃","2020及以后"
"1391","这次的深深好像是海妖修炼以后成了魔，魔在法力上远远超过了妖、怪、鬼，某种程度仙也不是他的对手。这首歌病娇，暗黑，迷幻，入了神便成了魔。你听，门铃响了","2020及以后"
"1392","真的很佩服深深，从前两期的中规中矩到后面不断突破自我，达尼亚让我们看到了美声与流行结合，达拉崩吧分饰多角破次元壁，相思挑战戏曲国风，到这次病娇风。他真的尽力在把更丰富的音乐形式带给大家，带给年轻人。希望他可以一直做他喜欢的事情，而生米们也会是他最有力的后盾","2020及以后"
"1393","这绝对是我收到过最他妈带感的生日礼物！！！啊啊啊啊！！！啊啊啊！！啊啊啊啊！！！啊啊啊啊！！！不行我叫不动了...让我想起来演唱会上唱红眼睛和血腥爱情故事的深深，一样的让我反复的死过去死过来死过去死过来","2020及以后"
"1394","?全新的《自己按门铃自己听深深说是十期以来最有把握的一首歌！四五年前本来要进《深的深》里的谢谢高晓松老师这样欣赏深深啊高晓松老师说过：周深，你是一个非标品，有谁能够替代你呢，你无论到第几名都是第一名，因为在你这个类型里，没有人能跟你比！歌手周深，未来可期！?","2020及以后"
"1395","“不是情侣的占有欲最搞笑”","2020及以后"
"1396","你实在想错过那就错过吧","2020及以后"
"1397","双数找他复合，单数就放弃了","2020及以后"
"1398","这世界上多的是说爱你又不好好爱你的人","2020及以后"
"1399","小孩子才会喝的一塌糊涂而我必须带着钥匙拿好手机记住回家的路.","2020及以后"
"1400","一生清贫怎敢入繁华，两袖清风怎敢误佳人","2020及以后"
"1401","终于到了谈恋爱不怕被爸妈知道的年龄却再也遇不到一个能让爸妈知道的人","2020及以后"
"1402","单数删钉钉，双数删王者。慎重点这关乎我的性命[大哭]","2020及以后"
"1403","故事还是要从一瓶啤酒说起","2020及以后"
"1404","我们食堂的阿姨量给的总是特别多，有天我问她“阿姨，为啥你给的量这么多啊？”阿姨看着我笑了笑说“你们校长是我前男友。","2020及以后"
"1432","过了这么久我都要记不清你的样子了?","2020及以后"
"1433","2021年1月21日，扛不住了，每天靠药物维持苟活，癌症晚期，心里有一个放不下女孩她笑起来很好看，开心的时候像个傻子，生气的时候在我面前哭的像个孩子，我还记得你喜欢炸鸡跟麻辣的东西，对了还有西瓜?，怕看恐怖片，傻丫头，很遗憾明年的生日不能陪你过了，提前给你订了明年的生日礼物，我得走了","2020及以后"
"1434","“你好”是开始，“你好好的”是结束","2020及以后"
"1435","2019:她不是其实没有那么坏都不准讲她坏话谁讲我跟谁急2020:我不跟你好了都是你自找的所有人都可以但你不配一个逐渐看清女人的大男孩罢了陆大年?","2020及以后"
"1436","正版永远?很高兴大年使用我的伴奏???♂?","2020及以后"
"1437","只有无知少女才会以为自己是风流子的终结者。","2020及以后"
"1438","原本听到有点困了突然听到很大声地对我喊了一声死渣女","2020及以后"
"1439","宝贝宝贝是宝还是备？","2020及以后"
"1440","柯佳嬿：这首歌很厉害它可以快乐也可以悲伤就像爱情一样好想借它回到过去那时候听歌要用磁带机喜欢一个人也很羞涩徐佳莹像是以韵如的角度唱述暗淡孤独却隐隐带光不是每一个人都能遇见小莫但即便是在黑暗之中也请不要放弃期待","2020及以后"
"1441","原来一首歌在被赋予一个故事之后，会这么深入人心......哪有什么王诠胜，从来都是李子维啊……看到李子维说：“是打给王诠胜的不是打给我的”给我心疼死了，喜欢黄雨萱的一直都是李子维啊","2020及以后"
"1442","面条，不要以为你烫了头我就认不得你。","2020及以后"
"1443","“大哥哥，我叫黄雨萱。”","2020及以后"
"1444","拉拉总有一种，用最低的气音，把我的心提到风口浪尖的能力！你说跳完这支舞，唱完这支歌，就要快点把他给忘记！拜托你这么温柔，真的完完全全忘不掉啦！！！！！！！","2020及以后"
"1445","“如果一个女孩身上有纹身代表什么？”“代表你对她有偏见。”","2020及以后"
"1446","思想开放不代表身体开放","2020及以后"
"1447","“那些衣服代表不了我。”","2020及以后"
"1448","大家觉得原版好听的话可以去电台听。因为每遍录出来的都会不一样，我不可能唱到和以前的一模一样。然后变调的原因是原来的吉他所有的弦都低了半个音所以我重新录了。然后这首歌表达的都是我的个人想法。谢谢大家我会继续努力的。","2020及以后"
"1449","书上说每个女孩子都是公主，无论是破阁楼里还是城堡里。","2020及以后"
"1454","很想主动联系你，很想关心你，很想知道你最近过得好不好，也很想紧紧的抱着你并告诉你，我很爱你很想你。但是有些爱，只能止于唇齿，掩于岁月。如果喜欢占八分，那么自尊留两分，我爱你但我也需要爱自己。祝你混的风生水起，也祝我的孤独择日而止。","2020及以后"
"1456","双＝去找她复合单＝从此陌路零=听天由命","2020及以后"
"1460","第一次写这种风格的歌，希望大家能够支持[拜]","2020及以后"
"1461","欢迎大家收听《胖雨好窈窕一女的》[猪]","2020及以后"
"1462","做好伴奏后，更让人惊喜的是Lambert和胖雨声音！简直好听极了[色]","2020及以后"
"1463","从前，一个怪兽守着一座高塔公主被关在塔里怪兽对她很好但她还是高兴不起来突然一天来了个骑士对公主说:“怪兽已经被我打死了。”国王非常开心的把公主嫁了给骑士当婚礼进行时公主突然踮起脚尖凑到骑士耳旁说:“你要小心哦，要把尾巴藏好哦。”","2020及以后"
"1464","十八遇你八十与你同样的你至死不渝","2020及以后"
"1470","“昨晚上明明想通了，今天又不行了”","2020及以后"
"1471","你只管难受，剩下的交给时间","2020及以后"
"1472","“我深夜崩溃的时候你应该睡的很安心吧”","2020及以后"
"1473","任何关系走到最后不过是相识一场，有心者有所累，无心者无所谓，不负遇见，不谈亏欠。","2020及以后"
"1474","他的声音依旧低沉沙哑，好似穿透了无数的风霜与岁月。只为归来此处再与你细说，他放不下的青山明月过往春秋","2020及以后"
"1480","“从两人故事，变成了固执，最后只留个认识”","2020及以后"
"1481","“你淋着雨爱他他撑着伞逃跑”","2020及以后"
"1482","开始的不懂事，后来的烦心事对你说完，最后一句再晚安","2020及以后"
"1483","张若昀年产种了500斤车厘子只因唐艺昕喜欢吃唐艺昕原名唐婷跟张若昀在一起后改成艺昕艺和若都是草字头昕和昀都是日字旁他们在爱尔兰结婚因为爱尔兰是个不允许离婚的国家。","2020及以后"
"1484","听完这首歌就注销啦，这是我和他都听过的一首歌。","2020及以后"
"1488","想在一个美好的晚上写这一首歌来给你唱[爱心]","2020及以后"
"1495","爱人，22岁生日快乐！愿你一个人的时候能听风，可观海两个人的时候没有长恨，不话闲愁我在的时候你可以尽情的做个孩子我不在的时候哦，不对。我永远都在！虽在远方，稀君如常！","2020及以后"
"1497","所有人都要平安健康，生日快乐??","2020及以后"
"1498","过生日还要自己搜生日快乐歌，那就生日快乐吧","2020及以后"
"1505","“如果我先越界的话，我们是不是连朋友都做不成？”","2020及以后"
"1506","跟你聊天不如逛淘宝，淘宝推的都是我想要的，你说的没有一句是我爱听的。","2020及以后"
"1507","谢谢大家支持，我会更加努力?！！！（我自己也很喜欢的歌?）","2020及以后"
"1508","终究还是没敢跨出那一步终究还是决定放下了但是明知自己已经决定放下却还是不由自主的每天看着你的头像看着你在别人两分钟前的说说下评论我3个小时46分钟前给你发的信息却如同石沉大海越界？已经没必要了","2020及以后"
"1509","越界后的残局，就是我们互不打扰。","2020及以后"
"1510","感恩大家用心倾听??????","2020及以后"
"1511","第一期说她咬字不清第三期她改了咬字第三期又说她没有原创第四期她唱了《打开》第四期又说她只会飙高音第五期她要唱阿妹的《连名带姓》这就是黄霄云这就是实力vocal","2020及以后"
"1512","被人诟病只会炫技的她，今天以一首阿妹的《连名带姓》证明了她不是一些人口中的唱歌机器，她同样可以情真意切地娓娓道来。在强大技术的加持下，情感的表达才有了最坚实的载体。安利两首她的走心作品《假装》《还可以爱吗》，欢迎走进她的情感世界","2020及以后"
"1513","选了Jay写给阿妹的歌这一次的她削弱技巧摒弃高音安安静静唱歌也一样好听对不起姑娘前段时间很辛苦吧希望能继续创作唱下去连名带姓的告诉更多人你就是越挫越勇的歌手黄霄云","2020及以后"
"1514","黄霄云唱得好深情，我现在收回不喜欢她的话应该不晚吧","2020及以后"
"1525","李宇春我05年给你投过票哦华晨宇我13年给你投过票哦","2020及以后"
"1526","看到脸上的那一抹红哭炸了[流泪]","2020及以后"
"1527","“彻彻底底纯纯粹粹地做着自己，已是这个世界上最难的事情之一。”","2020及以后"
"1528","他就是最光芒万丈的那一个，他就是必须得卓越的那个人","2020及以后"
"1529","华晨宇&李宇春《西门少年》神仙组合神仙帮唱少年心气，从未脱胎换骨歌曲热血澎湃听完鼓舞人心小华依旧是从前那个少年只是成长了成熟了","2020及以后"
"1551","@江恩c9高考后做我男朋友吗","2020及以后"
"1553","老子已经对那红色感叹号聊了二年了","2020及以后"
"1557","昨天上网课，老师让我们打开摄像头方便交流，我随便找个借口推辞了，并不是每个人家里都有明亮的客厅和舒服的沙发。。。。","2020及以后"
"1561","我觉得这首歌没有选错，几个人的rap我就只记住了这一首，我理解的rap不是为了炸场子而表现的很炸，是在表达，这首歌很好听，张口就知道有没有?为了表现出炸场子的样子就非得扭头叉腰的，也挺没有态度的。","2020及以后"
"1562","乃万:我参加中国新说唱吴亦凡不让我过我参加青春有你吴亦凡女朋友不让我过","2020及以后"
"1563","谢谢大家喜欢这首歌啊??是我的白月光[可爱]","2020及以后"
"1569","希望一直的单身能换来一个很棒的人。","2020及以后"
"1585","有人说：毛不易的格局在于买一碗炒饭都能写下一首歌。很感慨也很钦佩，像毛不易这样生活中处处充满灵感的人，他的世界肯定很美好吧。他以一个平凡人自居，他内心也真切的认为自己是一个平凡人，可是在我心里，他真的太不平凡了，他的情绪基本不外泄，很少有大的情感波动，一直都那么淡淡的，闷闷的。","2020及以后"
"1586","深夜的街角城市的镜子，那时满怀的心事无数的未知；憧憬的宝石大雨的潮湿，记得那个地址那个故事那时的涩与痴。彼时今日恍若隔世，那个小摊那时的迷茫和缺失，再回首时可曾相问两不知。终是记住了你的名字，你踏过的光阴和一座座城池。谢谢你唱，一段结束一段开始，风和日丽的日子等你写下一段往事","2020及以后"
"1587","毛不易在节目中说，医院实习时期是他人生中最孤独的一段时光，他见过太多的生死。不论是那个离医院很近的小摊，还是陌生而温暖的203，都是这个城市的一角，在深夜里，心中缺失的总是填不满，那些纷纷扰扰的故事在那里肆意生长，只能祈祷在下个风和日丽的日子，继续写完下一段往事。","2020及以后"
"1588","「故事才刚刚开始。」毛毛刚上台的噘嘴也太可爱了叭！！我可以了！！[多多大哭][多多大哭]","2020及以后"
"1589","这是他亲自经历过的事情写成的歌。他有一次下夜班了在一个角落看到了一个小摊贩。他问有什么，小摊贩说有炒粉。他说，来一份炒粉。还有什么？小摊贩说，还有鸡爪。他说，来一份鸡爪。小摊贩说，辛苦了。他说，你们也辛苦了。在这深夜一角发生的故事，其实也发生在每个城市的每个角落","2020及以后"
"1590","他逃离的不是疯人院他是逃离了客观世界在自己的主观世界获得新生和自由。","2020及以后"
"1591","序章《好想爱这个世界啊》??第二部《疯人院》?(期待了好几个月，超爱啊这首!!清楚的都知道live版本简直爆棚MAMA!!明天10:07会上线正式音源，冲鸭~)第三部《与火星孩子的对话》?火星三部曲终于齐了，四专也很棒，呜呜期待实体版的啊啊啊，小疯子们一定要买它!!!??","2020及以后"
"1592","大哥真是善良到极点，四专内的8首歌?已经在歌手上唱了6首[流泪][流泪]","2020及以后"
"1593","“华晨宇有点怪怪有魅力的”","2020及以后"
"1594","在这个鱼龙混杂的世界里，到底谁是疯子谁又是个正常人呢？你握着仅剩的理性，我溺入感性的疯狂，谁又是对的呢？这好像不重要了，因为我觉得你很可爱。“性格温和的疯子在引领未来。”华先生，这疯子，我陪你做定了。","2020及以后"
"1595","我从来没想过那么好。","2020及以后"
"1596","你所见即是我，好与坏我都不于反驳","2020及以后"
"1597","表里如一，不如爱你一人[心碎]","2020及以后"
"1598","这日子没什么不对，只是索然无味","2020及以后"
"1599","“始终感激你曾伸出的那只手，握紧之后，你和我，成为了我们。”","2020及以后"
"1600","傅如乔:""我有东西的哦""等你出道","2020及以后"
"1601","微微是什么？微微是一个象征性的东西，代表着所有的伟大，都是渺小构成的。我们虽然对于这个世界来说非常的渺小，但是我们不弱小，我们是很强大的。乔乔有东西的哦，出道吧！","2020及以后"
"1602","其实我之前对女团特别无感，偶然的机会我看了青你2，发现最吸引我的往往是爆炸头、冰块脸、中性霸气、小透明、迷惑憨憨等类型的妹妹，我才发现原来每个女孩子都可以活出自我、不限于自我，那样自信又爽快的模样也可能是众多集美们还没形成的，希望大家都能活给自己、活出精彩叭","2020及以后"
"1603","是初评级里最好听的一首歌了！！！爱死！！！","2020及以后"
"1604","坤：“你想拿A还是拿B呢”傅如乔：“我以为我会拿C欸","2020及以后"
"1610","?/2020.02.23“全宇宙的朋友大家好，我们是苏打绿”","2020及以后"
"1611","还是新的歌手名我哭了?","2020及以后"
"1612","啊啊啊啊啊啊啊！！！！！！热烈的掌声欢迎你们回来！！！！！！！！！！！！！！！！！！！！！！！！","2020及以后"
"1613","sodagreen释义：n.苏打绿；一种慢性腐蚀心灵的旋律性饮料vt.专指某种变调摇滚精神试着改变受众音乐习性adv.绵密而愉悦、轻松又带点温柔地adj.乍听之下令人难以忍受却又无力抗拒的","2020及以后"
"1614","Vocal吴青峰Guitar何景扬Guitar刘家凯Bass谢馨仪Keyboard龚钰祺Drums史俊威","2020及以后"
"1620","“悬悬而望日短心长”—0202你好田馥甄你好《悬日》","2020及以后"
"1621","眺望不远处暗淡天空中的一点飞鸿，残留着伤悲，淡淡的，抹不去。想拿支画笔调上些温柔的底色，可不知一画惹急了飞鸿，各自在比，胡乱的调着色。此时，渐渐的又暗了一圈。小桥，流水，人家，在这时是如此的和谐，辉映但不缺光彩。几声乌鸦的啼鸣将所有的所有披上一层惨淡，不起涟漪。落日降临，降临，在","2020及以后"
"1622","如果你真的爱他，看着他快乐和手机里那个她在一起不好吗？其实往往放不下的人，也没想象中那么爱吧，只是想单独占有一颗太阳的私心谁都有过，所以啊，希望你们看一次日落就够了。??让悬日落下会有月亮升起?","2020及以后"
"1623","“我断不思量，你莫思量我。将你从前予我心，付与他人可。”","2020及以后"
"1624","【你还不是那样温暖却停在远方对峙着不可能的爱情也该像悬日那样】—————hebe的音乐每次都充满浪漫色彩，给人不同的惊喜，同时也伴随着很多人的童年?","2020及以后"
"1625","长夜伴星辉，风雨亦无畏。笑容带泪叫感动，雨后初晴放彩虹，每一次善举都弥足珍贵，每一份坚持都不可或缺，路途颠簸，大雨滂沱，可再难的时刻也会有我们一起度过。世界因为你，在痛里拥有无限感动。奇迹的答案，就是每一位平凡天使。","2020及以后"
"1626","湖北人妈妈医生爸爸医生姐姐护士除了我一家都在一线我学会了买菜，学会了做饭…这个寒假太难了不过看着情况越来越好心里越来越踏实一切会好起来的他们都会平安回来","2020及以后"
"1627","全曲干净的钢琴配乐缓缓为每个平凡之人带来温暖鼓励。当每一个平凡的力量凝聚，聚焦在一起，也会闪烁出最耀眼的感动。","2020及以后"
"1628","这样的日子里我们看遍了人间百态，如果你要问：这个世界还会好吗？答案就是你。平凡的天使们，不要被黑夜打败，不要觉得力小不为，要用星光点亮星光，要用温暖传递温暖，要用爱，占领这个世界。感谢华语歌坛邓紫棋，可幸有你的坚持。","2020及以后"
"1629","病毒来势汹汹，让刚刚过去的这个冬天显得格外寒冷。但病毒无情人有情，一幕幕暖心的瞬间，连缀而成众志成城的长卷，融化了冬寒，成为我们心中走过冬天便是春的那份笃定。感谢邓紫棋用琴声为我们带来温暖???","2020及以后"
"1630","我承认我还是一直喜欢你，但我早就不奢求追到你了，只要你过得好，我就非常开心啦。在我的世界里，你真的是全世界最好的李。","2020及以后"
"1631","问:你喜欢的人姓什么？许嵩:你姓什么？有没有觉得这老男人越来越会撩了","2020及以后"
"1632","我们不期而遇，在最好的年华，遇见了最好的你，而现在我们却形同陌路。缘来缘去缘如水，情散情聚情何归，惜哉痛哉！","2020及以后"
"1633","祝我嵩哥得遇良人和和美美钟情一生。","2020及以后"
"1634","分手了三个月，她送的礼物一直没舍得丢，可能有些人错过了就真的错过了，也许是这些人让我们不断的长大，于是我们更懂事了，也遇见了全世界最最美好的那个人。zsy我真的好想你，不是我幻想中的你，是本本真真的你呀","2020及以后"
"1635","希望你们遇到相爱的人相爱一辈子相爱一世纪。","2020及以后"
"1636","对不起各位..原定12号发我忘了点定时..手抖提前发出来了..[大哭]","2020及以后"
"1637","这是我爱你的第30个月第826天第19824个小时[爱心]@AY楊佬叁","2020及以后"
"1638","我要努力活到2117年7月12日，这样就刚好能爱你一整个世纪@国风DomT?","2020及以后"
"1639","我去宇宙啦回来摘星星给你","2020及以后"
"1642","身边人是地上霜得不到的人才是白月光","2020及以后"
"1643","我希望大家能够理解，旧版先入为主，你们也习惯了那个调，所以改版后不习惯，听歌也是一个磨合的过程，他同样是我的心血，我希望大家能尊重我，也尊重每一位音乐人的心血，哪怕你不喜欢它。我很珍惜和爱护他们，不管是新版还是旧版??望理解","2020及以后"
"1644","分享日常这件事太暧昧了?我连奶茶里有几颗珍珠都想和你说","2020及以后"
"1645","以后啊只想对两种人好一种是对我好的人一种是懂得我的好的人在这短暂的生命里一人的温暖也是有限的啊一点都不能浪费","2020及以后"
"1646","我向所有不合时宜的深情道歉，对不起。","2020及以后"
"1647","谢谢匠心音乐的各位哥哥们，加班熬夜出了成品??","2020及以后"
"1648","“你明目张胆的怀念她让别人怎么来爱你。”","2020及以后"
"1649","我坚持不和你说话，不表示我没有想你，试着疏远你，是因为我知道我不能拥有你了，再无相见的日子里请你保重。也祝你新年快乐。","2020及以后"
"1650","一定要和喜欢的人去看一次迪士尼的烟花","2020及以后"
"1651","月亮弯弯公主跑跑小徐烦恼","2020及以后"
"1652","别给我捕风捉影了，我不喜欢你们所说的那个妹妹。和她认识，但和她之间没有任何关系。","2020及以后"
"1653","直到遇見你們我才明白原來不去迪士尼也能看到公主","2020及以后"
"1654","“你要等等到那个会答应陪你一起去迪士尼的人等到那个会打趣对你说“还没进迪士尼就看见了公主欸”的人等到那个会守护你童真的心会懂你对迪士尼的喜爱会跟你一起买迪士尼的周边的人等到那个满眼都是你的人”","2020及以后"
"1655","每个人都在盯着我我恨死了于是我恶狠狠的在身上缝满了镜子——2017年全球华语大学生短诗比赛入围奖","2020及以后"
"1656","你来人间一趟，你要看看太阳","2020及以后"
"1657","想看什么。想看日复一日年复一年，想看窗边的窥探，想看眸光流转。想看偏爱，想看成全，想看隐忍的喜欢，想看光阴找不到终点，想看嗫嚅了千百遍也说不出的箴言。想看美梦被敲碎，想看夕阳被践踏，想看故事不够完美，想看到处都是遗憾。我们都活着啊，活在夏天。","2020及以后"
"1658","“我怕他们明目张胆。”","2020及以后"
"1659","当时环境不容许邮寄任何东西将自己的心里话写了一封信费劲心思邮寄在八月的新疆疫情期间快七夕怕她收不到朋友不小心将运单号丢进垃圾桶隔着4千公里安慰自己有疫情其他男孩也没机会我在垃圾堆里翻来覆去的找了一小时在一个有很多痰纸黑袋子里找到了从太阳光下走过低下头看了一眼运单号上她和我的名字","2020及以后"
"1660","高考倒计时:84天8号下午考完我就去见你。","2020及以后"
"1661","17的李子维爱上了27岁的黄雨萱这是我2020年听过最美好的故事","2020及以后"
"1662","制作人来打call了！！[流泪]","2020及以后"
"1663","想见你但是却不敢靠近你","2020及以后"
"1664","其实，并不是所有相爱的人都可以在一起。","2020及以后"
"1665","这首歌俺整整唱了两天也曾经一度觉得这首歌不能很好的把它演绎后来出来听着感觉还ok俺唱功有待提高也谢谢大家喜欢我会加油的[亲亲]","2020及以后"
"1666","感同身受这个词是不存在的，无论多么靠近，你也不是我。","2020及以后"
"1667","我家高鱼真争气！单曲循环走起～","2020及以后"
"1668","你已经是个长大的人了，别再因为一点感情问题而失魂落魄。你可以有一段糟糕的爱情，但绝不能放纵自己过一个烂透的人生。我想爱自由胜过爱你。","2020及以后"
"1669","如果你喜欢一个人一定要告诉她不是为了要她报答而是让她在以后黑暗的日子里否定自己的时候想起世界上还有人这么喜欢她她并非一无是处","2020及以后"
"1670","和妈妈吵架了就摸摸肚脐那是和妈妈曾经相连的地方","2020及以后"
"1671","妈妈是第一次当妈妈没有人教她可她做的很好我也是第一次当女儿很多人教我可我做的还不够","2020及以后"
"1672","其实很大部分人的父母都很普通只是他们一直觉得自己孩子一定不普通","2020及以后"
"1673","你不能伤害一个女孩子即使你手捧鲜花哪怕我该叫你爸爸","2020及以后"
"1674","“妈妈经历了鬼门关才有了你”“你却说人间不值得”","2020及以后"
"1675","给林克，内森，赛特，哈克贝利芬，罗恩，马里奥，达伦山以及出现在我生命中所有冒险故事的男主角们。","2020及以后"
"1676","社交网站充VIP了都寻找不到真是个宝贝唉","2020及以后"
"1677","沈沈说:""寻宝不是最终目的重要的是旅程的过程""78天后不管结果如何愿青春无悔跨越一千英里去见你！","2020及以后"
"1678","‘’寻宝‘’是指寻找自己最想得到的东西如今我也找到了属于我自己的那份宝藏。她是一个能让我跨越大半个中国去见的人她是一个能在我最困难的时候给我最温暖鼓励怀抱的人她就是我这一生的宝藏","2020及以后"
"1679","""""""AThousandMiles，希望你们能跨越一千英里来找我。”""","2020及以后"
"1685","毛毛其实挺吃亏的。情感深沉在这样的竞技舞台上相比其他歌手不太被观众“认可”。但没事，不停进步就是成功了！","2020及以后"
"1686","毛不易的歌里借来了天地万物，却也无法挽留。他唱出了无声悲悯，尽管悲伤，生活还要坚强，只能“不能说”不敢承认”，歌曲后面的唱腔有带着泪痕依然坚定期待着“一道彩虹”的宏大气势，给风雨中的心灵传递安抚，相信会有太阳升起的清晨。毛不易唱功出彩啊！","2020及以后"
"1687","毛不易创作手记：“这个世界上，还有很多不被认可的梦想，不被祝福的感情，不被眷顾的孩子，他们不曾犯错，却只能颤颤巍巍，单薄地行走在路上。这首歌送给他们，借天地万物，不求终将到达某处，只求路上少些阻碍，让他们同样平凡。”","2020及以后"
"1688","因为会有一盏灯照亮回家的路因为会有一寸暖阳驱散寒凉因为会有一天太阳升起在某个清晨因为有你因为心中有光所以我什么都不怕","2020及以后"
"1689","借一寸冬日暖阳融这人间悲凉借一双温热手掌安你凄然惶惶借一句来日方长慰别天各一方借一曲婉转悠扬抚你疲惫奔忙纵阴霾阻障天悲人伤乌云终挡不住阳光四海八方热血满腔复乾坤朗朗天地归常借他一方乐土许他魂魄安详借他平凡一生无灾无病余生安康","2020及以后"
"1690","最后立不好话筒直接扛走太可爱了吧[大哭]","2020及以后"
"1691","我不在乎他唱什么曲子，但我是真心喜欢他唱的这首歌。寒鸦少年，绝不妥协！","2020及以后"
"1692","摸光少年修完音箱顺便把麦架拆了","2020及以后"
"1693","“寒鸦少年王者归来”大哥生日快乐，鼠年好合！而立之年，要继续与音乐为伴，用音符治愈，用歌声传递温暖与爱，用笑容赶走阴霾，希望花花的三十岁能开开心心，永远像个小孩一样，能一直像个小朋友一样，有最清澈的快乐。","2020及以后"
"1694","这首歌曲风和花花在舞台上的样子又让我想起了那个刚出道没多久的少年，冷冷的，寂静的神秘诡异旋律加上这个怒音，听华晨宇唱歌真的太舒服啦","2020及以后"
"1705","白桦树想记住那片雪的模样街角的盏灯诉说年代的昏黄索菲亚钟声百年前就在回荡我用拜占庭送你咏叹调的华丽乐章","2020及以后"
"1706","看电影的时候主角妈妈在舞台唱，一字一句丝丝入扣，动人心弦，我潸然泪下，青春的时光从一切诚可待再到只是希望他不要忘记那些曾经盛放的红梅花，徐峥的这部电影我不敢说自己看懂了，我想有些经历的人去看或许会有更多共鸣，毛不易的声音让人很有代入感，会让我不自觉的闭上眼睛回忆曾经的少年…感谢。","2020及以后"
"1707","幻境再美终是梦，珍惜眼前始为真","2020及以后"
"1708","小时候不理解老人晒太阳一坐就是半天长大了才明白目之所及皆是回忆心之所想皆是过往眼之所看皆是遗憾","2020及以后"
"1709","听完看完记得给妈妈一个拥抱","2020及以后"
"1724","双数我去找他复合。如果是单数的话就听天由命吧","2020及以后"
"1738","我叫许悦我发誓一辈子陪着吴晗","2020及以后"
"1739","我叫陈家峻我发誓一辈子陪着刘宇婷","2020及以后"
"1758","对版权问题有疑义的请联系网易云音乐官方核实！买版权是公司行为我个人没有权利也没有义务公开商业文件！去年已经请易云音乐官方账号公开澄清过了，可还是有很多人在各个平台造谣甚至谩骂！我不知道怎么做才能让你们相信，只希望不要再产生更多的误会，也劳烦一些粉丝不要再发私信问候我的家人了！","2020及以后"
"1800","非常喜欢王心凌的《大眠》，也感谢网易云帮助获得了正版授权，重新演绎。非常感谢大家的喜欢，谢谢大家的支持～以后会出更好的作品","2020及以后"
"1802","“人也总是会执着于第一眼喜欢的东西”","2020及以后"
"1828","我不管别人怎么诠释，这是我唱给我逝去的朋友的，我希望他快乐就这样","2020及以后"
"1849","一起去宇宙吧，我数星星?你笨就数月亮?叭。","2020及以后"
"1879","2021年了，不会还有人在听这歌吧","2020及以后"
"1918","加油让看不起你的人攀爬不起","2020及以后"
"1923","也许你错过了今天的落日，但你也可以早起，追逐明天的黎明！！！","2020及以后"
"2063","朋友：法老出事了法老吸毒了？朋友：没有那没事了","2020及以后"
"2103","那你呢为什么一次次夜里找我听无感呢","2020及以后"
"2134","国庆节要来长沙玩的外地朋友给你们点建议：见长辈叫老别见小辈叫细别这都是尊称是人就喊乡里别见到女的就说堂客见人就说宝里宝气他接话就说你要哦改咯这样很容易和别人打成一片屡试不爽","2020及以后"
"2138","朋友们。我回来了，我娶到她了！！","2020及以后"
"2147","叫你别老和法老玩，你看卡不上拍了吧","2020及以后"
"2234","第一次听到这个歌竟然是2021年","2020及以后"
"2264","这歌最大的败笔可能就是新秀了","2020及以后"
"2433","人品？这边建议粉个会说唱的孔子","2020及以后"
"2528","明天周日可以把我参加复试改成直接录取吗","2020及以后"
"2564","“当我的手指划过尺子的3和4刻度之间时，我是否触摸到了π？”“当我的手指抚过地球仪上的那个城市时，我是否触摸到了你？”","2020及以后"
"2690","睡吧醒来一切都会好的","2020及以后"
"2704","我个人感觉这歌是唱给沈以诚听的[多多耍酷]","2020及以后"
"2708","等到真正被爱的那天一定要大哭一场","2020及以后"
"2709","每次听到这首歌就觉得再等等也行","2020及以后"
"2729","如果你刷到我愿你嫁给爱情","2020及以后"
"2852","这歌词在胡说八道什么？？？","2020及以后"
"2976","现在CF的人素质真的是越来越差，昨天我用AK连点了两个爆头就说我是大哥，还特色我，气的我退出了刀锋寨","2020及以后"
"2979","听到这bgm我就知道问题严重性了","2020及以后"
"2999","居然有人说洛天依假唱？[大哭][大哭]这个梗我可以笑一年…","2020及以后"
"3014","詹姆斯没想到你唱歌也那么好听","2020及以后"
"3074","韩国人：“长城是我们建的！”秦始皇：“没错，是朕抓他们建的”","2020及以后"
"3134","我对象是被丘比特射死了吗","2020及以后"
"3341","脱下校服我就是下水道的老鼠","2020及以后"
"3343","陪领导吃饭，把领导全部喝趴了，然后每个人都有人接回家，唯独我没有，一个人走到地铁站。当时走着去路边打车，被风一吹，终于忍不住了，直到吐干净，劲过去了，已经是凌晨四点。摸摸手机，零条短信，零条来电。只有那棵树整整支撑了我五个小时。。","2020及以后"
"3346","一群未成年，故事比你爹都多.","2020及以后"
"3398","有多少是看到那个弹吉他的大哥进来的。","2020及以后"
"3432","这还不是绝路我还想再拼就算头破血流！！！","2020及以后"
"3433","明明是叫迷途羔羊，却一直在指引方向","2020及以后"
"3457","我们还没交往就接吻三次了","2020及以后"
"3458","“如果几年后我娶了一个叫王思琦的女孩子，看到这条文案的人都有奶茶”","2020及以后"
"3527","抛开人品不说中国风还得是这个逼","2020及以后"
"3528","一上来京剧那段，我爷爷就接上了，后面rap给我爷爷整蒙了","2020及以后"
"3574","再一次介绍一下我妻子谢娜：谢娜，女，已婚。有一对双胞胎女儿。生活幸福，工作顺利。婚前爱吃零食，爱熬夜，爱吃辣，爱忘事，爱我；婚后爱喝鸡汤，爱早睡，也爱吃辣，更爱忘事，更爱我。——《妻子的浪漫旅行》中张杰写的信???","2020及以后"
"3852","照顾好自己别的都是废话","2020及以后"
"4144","为了什么总听一首歌？因为姜云升不发歌","2020及以后"
"4156","可惜了她走的时候带走了我好多浪漫和温柔","2020及以后"
"4158","我今天看到他了可我发现他好普通我记得他以前好帅的","2020及以后"
"4184","除非你说，离开我从没觉得遗憾。","2020及以后"
"4212","你的心和这世界一样的孤单","2020及以后"
"4412","给梦想家留一个位置吧让刻板的框框都崩塌?","2020及以后"
"4414","主页remix了我最最最爱的偶像罗老师的这首诗人说梦作为粉丝破500的礼物!喜欢的可以去收听!po8牛逼!","2020及以后"
"4483","我是宋凌霄，我发誓熬过异地恋一定娶常雨婷.","2020及以后"
"4484","我是常雨婷，我发誓熬过异地恋一定嫁宋凌霄。","2020及以后"
"4528","三观正？去听我和我的祖国去吧，这歌三观挺正的","2020及以后"
"4529","感觉这歌就是在讽刺经常借口没时间不陪女朋友的男生和只看脸的塑料情侣关系，一个个在喷什么三观有意思吗","2020及以后"
"4593","不可思议十三亿分之一很高兴认识你yeah?","2020及以后"
"4709","国内竟然有这么优秀的电音！！！旋律瞬间爱了！！！","2020及以后"
"4714","不添加喜欢了有人点赞就回来听听","2020及以后"
"4781","其实很多感情或婚姻都是靠后期经营的，自我修养的提升也很重要。不然就算缘分到了也容易错过或者以分手告终。在异性缘低迷的年月尽量提升自己的硬实力和软实力，还有另外一种极端就是强扭的瓜不甜，千万不能破坏别人的家庭，特别是有孩子的家庭，多行善事，加油，祝愿各位都能有情人终成眷属[拜]","2020及以后"
"4789","删过最爱的人，请这边坐","2020及以后"
"4984","这首歌收费并不是因为乘风破浪的姐姐，是因为纪录片《人生第一次》","2020及以后"
"5068","他只不过是唱了一首悲伤的歌","2020及以后"
"5330","本来是想把故事讲给大家听可内心酸涩竟然什么都说不出来其实故事也简单不过就是爱而不得","2020及以后"
"5437","你发表状态只想表达有点疲惫寂寞?","2020及以后"
"5748","到了不偷看的那天就真的释怀了吧","2020及以后"
"5749","现在是北京时间08:43分送女儿去了学校，我去了医院查出了肺癌晚期，中午我做了她最喜欢吃的西红?炒鸡蛋，她妈妈走的早在的那会我不怎么下厨全是妈妈下厨做饭，西红柿炒鸡蛋唯一的一道菜做很棒，事后妈妈2019走的，西红?女儿她再也没吃到过，我这个做的父亲很对不起她…不说了时间不早了做饭去了","2020及以后"
"5784","我想要飞的更高能看到整个宇宙我必须用力的跑","2020及以后"
"5821","我想每天睁开眼睛就能对你说声早安?","2020及以后"
"6144","这首歌火的时候我好像什么都有.......","2020及以后"
"6541","那时的我，青春羞涩，不敢鼓起勇气说爱你，甚至目光都不敢交汇。我正在直播演唱，期待与你相见。","2020及以后"
"6818","你们丧吧老子还得考高中","2020及以后"
"6821","看旋风少女的小学生都变成高中生了吧","2020及以后"
"6823","与其说这首歌是陈翔唱的，不如说它是方廷皓的作品","2020及以后"
"7048","每次听这首《夜长梦多》就感觉特别的轻松放松，不知道自己什么时候也能面对感情的事能如此潇洒并且洒脱！","2020及以后"
"8451","我爱过一个人，已经记不清初见的美好了，只记得那些失眠的夜晚，数不清的眼泪委屈，不被善待的真心和包容…这段不算恋爱的纠缠碾碎了我的骄傲和尊严，他说爱我，可坦诚、信任、时间、未来，他都给不了，他留给我的只有始终如一的欺骗和伤害，原来…我不值得他珍惜…天宇哥哥，我不等你了，你就不为难啦","2020及以后"
"9302","大部分男的第一次收到花是在坟墓","2020及以后"
"10083","你曾热爱的那个人这一生也不会再见面?","2020及以后"
"10466","别再见好不好陪我走完这段旅行","2020及以后"
"10687","每次听这首歌都会想起王小波：“我在荒岛上迎接黎明。太阳初升时，忽然有十万支金喇叭齐鸣。阳光穿过透明的空气，在喑蓝色的天空飞过。在黑暗尚未褪去的海面上燃烧着十万支蜡烛。我听见天地之间钟声响了，然后十万支金喇叭又一次齐鸣。","2020及以后"
