,content,new_sentiment_label,p
0,我看的最远的地方就是，平安回家！回到妈妈的身旁。父亲是烈士，我重启父亲警号，干了缉毒警。每次出任务，每次抓人的时候，我都是对自己说，我干这行的，我知道怎么做。总要有人去做的嘛。隐姓埋名好几年了，我想家了。,1,0.5
1,喜欢了她七年给她以前唱的歌现在我们在一起,1,0.5
2,全书最直的人穿一身基佬紫[大哭],1,0.5
3,32岁许嵩新专辑《老夫聊发少年狂》主打歌曲《老古董》率先上线，专辑以“老”为主题，收录了包含许嵩的职业《老医生》《老厨师》《老程序员》《老歌手》《老摄影师》，微博透露已久的择偶标准《老伴需要D》，玄学问题《老忘记微博密码》和最后一首《老铁们是我瞎编的》。,1,0.5
4,毁灭孕育重生［神树］明明有着星系陨落般的荒芜感却澎湃着向死而生的希望［降临］既有辰曦携带万顷福祉自天角倾泻的圣洁肃穆又有裹挟罪与罚的禁忌感，想到宫廷礼乐又想到唱诗班该怎么形容这种惊艳的宇宙感呢？当一个人思想格局和实力都光速成长的时候，他的创作简直像四维空间在三维世界的投影,1,0.5
5,今天被暗恋的男孩摸脸颊了！你们能体会那种仿佛要瞬间螺旋升天的喜悦吗!因为今天和他一起去参加同学的生日party，站在角落看着他，注意到我后直接跑来糊我的脸。丝滑的奶油和他的双手抹在我脸上，大脑瞬间死机。一个1米5的小女生就这么被一个1米7的男孩子弯下腰来摸到了脸。快要幸福死啦,1,0.5
6,格聂神山出来的孩子，加油！！！[拜],1,0.5
7,谁说男生不可以有少女情怀呢？我最大的梦想是以后能生个小公主。我要把她打扮得漂漂亮亮的，看其他小男孩屁颠屁颠地追着我女儿跑。[大哭],1,0.5
8,异地恋金曲排行榜第三名。[大哭],1,0.5
9,我花钱是一个大手大脚的人，平时一有钱就买衣服裤子鞋子，也会买一些演唱会和音乐节的门票，放假了就出去旅游，所以我平日里根本存不下钱，但是这次为了悄悄去和你告白，我存下钱买了去你那里的火车票，没有准备回来的火车票。老侯，你要在辽宁等我，我要用尽我的一切奔向你了。,1,0.5
10,刚刚在车上打开网易云听着这首歌！然后我边上一女孩我同时打开听着这首歌！然后我们看到彼此的歌单，相视一笑！我竟然脸红了.........,1,0.5
11,”你听什么歌呢？““歌名太长太难说了”“那就说前几个字吧~”“我喜欢你。。。”,0,0.5
12,看见柴静采访星爷星爷那句我时间不多了跟那句谢谢你听得我瞬哭,1,0.5
13,“我不喜欢回应，默默拍自己的电影。怕不拍大家就把我忘了。可惜这些年我的电影越来越少，只想跟大家说一句：对不起，我老了。”,0,0.5
14,“你又被我抓到了，你还不承认你爱我。”“我爱你，第一次见到你就爱上你了。”“有多爱？”“好爱，我没有一天不想你。”“爱多久？”“一千年。。。一万年。”“一万年，太久了，就爱我现在。”,1,0.5
15,“既不能断干净又不能和好如初的关系最难受”,0,0.5
16,一个人厚着脸皮没羞没臊地去爱另一个人的概率一生只有一次。,0,0.5
17,似王菲似张悬似陈绮贞，但她是陈粒。,0,0.5
18,你在人潮里不知所措，我却跟在你身后，伸手怕犯错，缩手怕错过.,1,0.5
19,《写给黄淮》《可能否》《孤独她呀》《云烟成雨》《蜜蜂》《你是年少的欢喜》《纸短情长》《盗将行》《往后余生》,1,0.5
20,距离高考还有119天时间就像白驹过隙我一定能坚持到胜利的一天我希望我能考到我最喜欢的四川！静~如果幸福太难，那么我祝你平安！,1,0.5
21,要怪就怪自己有本事喜欢上别人没本事让别人喜欢你——杨绛。你是我义无反顾撞过的南墙也是我黄粱一梦的空欢喜一场,0,0.5
22,我亲手宠出来的女朋友你处得还习惯吗,1,0.5
23,我太喜欢这首歌的留白处理了，太喜欢突然停顿的窒息感，那空白的几秒，就好像是留给听众消化情绪的时间，或哽咽，或屏息，或大口呼吸，或感知世界的心跳，或在地上捡起七零八落的自己(o????·?o?????),1,0.5
24,陈集满一万个赞我们就结婚吧今天是你入伍的第153天同样很想你,1,0.5
25,我要死了，肝癌晚期，对不起爸爸妈妈，请原谅我这样的离开,0,0.5
26,很燃的ProgressiveHouse！前排支持下Elektronomia大神！,1,0.5
27,老妹，内个啥，我有话跟你suo，自从第一次瞅着你，我的心呐，就咣咣跳，我就脚着我这脸火出撩的，通红通红的，平时渣渣呼呼的我，说都不会话了，都不敢抬头瞅你，只能偷着撒摸，整的我贼头日脑的，跟干了啥缺德事了似的，看不着你心就刺挠，空得捞的，吃啥都没味，一天没着没捞的，我指定相中你了。,0,0.5
28,有一天“我”字丢了一撇，成了“找”字，为找回那一撇，“我”问了很多人，那一撇是什么？现在我终于明白了，那一撇原本是个”一”，这段话的意思应该是这样的：”一”旦丢了，你就再也”找”不到“我”了。——致不珍惜我的人。,0,0.5
29,这声线听着像13岁的处男,0,0.5
30,大海很美，但是我们的船靠岸了。,1,0.5
31,你迟早知道冲动喜欢新鲜感都不是爱情,0,0.5
32,我见过斯斯文文的女生在外偷人的，也见过大大咧咧抽烟喝酒的姑娘坚守爱情的，见过穿西装打领带对着父母破口大骂的，也见过一身是纹身却照顾住院的长辈无微不至的，温柔都是装出来的，而人品和骨子里那份善良，却是装不出来的,1,0.5
33,我发现听歌都是男人[奸笑]，果然在感情了受伤的往往是女人，受重伤的却总是男人[哀伤]，女人哭的快，忘得也快，男人哭的慢，忘记的也慢，或许一辈子都忘不掉[心碎],1,0.5
34,那天吃饭碰到你们看到你有了新的生活想起咱们最初的相识就是那个样子你要是看到我这个样子一定会很开心吧其实后来的好多事情我都不想去解释但是这三年我从未负你有一次朋友听我的歌单问我为什么你的歌都这么伤感我才知道原来我一直都这么难过好了我也要删除所有去开始我新的生活了,1,0.5
35,她现在就在我身边?喜欢这么真实一点都不做作的姑娘。,1,0.5
36,浪漫与贫富无关想想都觉得嘲讽，你说了这句话然后毕业后因为这理由分手...,0,0.5
37,六年过去啦，张翰成了塘主；爽妹子整容了变美了，参加综艺节目演电影凑cp，少了当初的简单；魏晨出新歌谈恋爱也在一步步活成自己：灏明受伤毁容康复后依然积极生活；朱梓骁退出微博很久没有消息…他们各自都有各自的生活，那时的自己也长大了[憨笑]对小时候说一声再见[憨笑]要加油哦[可爱],1,0.5
38,高三的时候跟室友夜谈的时候问到最喜欢五月天哪首歌。室友说是拥抱，我惊奇的说我也是。那个夏天的晚上，月光从门口阳台照进来，外面是一座大山，伴着无数的虫鸣，我们在安静的宿舍里轻轻的唱，脱下长日的假面…嗯，转眼两年了，如今的边上再也找不到那样的小伙伴，和我一起唱这样的歌了…,1,0.5
39,听着歌真的安静了，承载高中全部的回忆，前奏一出来就要泪奔的感觉,1,0.5
40,反正这温吞世俗人间烟火只有你是我的江河湖泊,0,0.5
41,她剪了短发，好像温柔了许多好像过的很好，好像也没那么好其实我也不知道，我好久没见过她呢,1,0.5
42,讲完这个故事我就注销了希望云村的大家有情人终成眷属虽然我没有得到很好的爱但是我希望每个人都可以和喜欢的人有一个好的结局。,0,0.5
43,少女的祈祷，遇到一个对的男孩子。,1,0.5
44,1972年，川端康成自杀，在送往医院急救的途中，对司机说了最后一句话：“路这么挤，真辛苦你了”我想这就是他对于世界的温柔,1,0.5
45,我永远屈服于温柔而你就是温柔本身,1,0.5
46,愿你有一天，终会遇到这样一个人，陌生的完全不熟悉的人，毫无感情基础，但感觉是可以很好的一起生活的人。于是，疲惫不已的心，终于愿意停靠。哦！对了听闻有你的城市下雪??了，今天的你一定很开心吧......,1,0.5
47,双＝去找她复合单＝从此陌路零=听天由命,0,0.5
48,多遗憾，用友情开错了头…,0,0.5
49,公子的眼睛甚是好看有风有月亦有星辰却独独没有我,1,0.5
50,听完这首歌就注销啦，这是我和他都听过的一首歌。,1,0.5
51,终究还是没敢跨出那一步终究还是决定放下了但是明知自己已经决定放下却还是不由自主的每天看着你的头像看着你在别人两分钟前的说说下评论我3个小时46分钟前给你发的信息却如同石沉大海越界？已经没必要了,0,0.5
52,在座各位都是花了3元钱就享受盛宴的人??,0,0.5
53,不忙的话.你就出现吧.我等太久了,0,0.5
54,我不在乎他唱什么曲子，但我是真心喜欢他唱的这首歌。寒鸦少年，绝不妥协！,1,0.5
55,“我喜欢的少年打天上来他无意掀翻烛火点燃我双眸盛满的暮色”,1,0.5
56,只有31秒，却循环了一晚上。,0,0.5
57,“想和你谈的恋爱是那种坏人和坏人之间的。是两个薄情寡义心怀鬼胎悲观主义者之间的，是两个千帆过尽金戈铁马浪子之间的。我想和你互相看尽对方的底牌，了解彼此的阴暗，然后我们依然相爱。有时候爱不是什么真善美，只是你随手拧开煤气灶，我笑着划了一根火柴。”,1,0.5
58,七年前听这首歌时我是单身狗，七年后熬成了哮天犬,1,0.5
59,“想要穿白衬衣，想要变干净，想要让你想到我就联想起盛夏白瓷和碎冰碰壁，想你想我时，嗅到凌晨四点挂着露水的蔷薇花。”,1,0.5
60,我本来就是一个不喜欢主动的人，可是我对你已经超出了极限，你要我怎么说我在乎你。,0,0.5
61,其实我喜欢字很漂亮的男生，或者是会打篮球的男生，又或者是会数学题的男生，还有声音好听的男生。可是如果是你的话，什么都不会也可以,1,0.5
62,真的很喜欢那种甜甜的男孩子你不找他他就主动找你生怕你不见了你生气他就一直哄着你你饿了他就给你做饭你不想动他就喂你把你喜欢的都摆在你面前把身边女孩子都撇干净反正就是想把最好的都给你?,0,0.5
63,事实上，车站比婚礼现场见证了更多真挚的接吻，医院的墙壁比教堂聆听了更多的祷告,1,0.5
64,高中的同学们加油只要坚持没什么熬不过去,1,0.5
65,評論你們想說的話我會選擇性回覆哒還有謝謝支持我的人和喜歡這首歌的人沒有你們的支持我什麼也不是我會一直努力做更多能夠讓你們喜歡的音樂不會讓你們失望???,0,0.5
66,你一定是作弊了，不然你在我心里，怎么总是第一名.,0,0.5
67,早知道就不添加好友了，小东西还挺难忘,0,0.5
68,周小姐?我不再等你了，那么着急错过我，是不是只为快点遇见另一个人，我要尝试的去喜欢另一个姑娘。为你丧失理智的213天是我对你感情中最大的诚意，所以不管陪在你身边的人谁，我只希望你幸福,1,0.5
69,希望：先生您可以永远爱我,1,0.5
70,One是想和你一起去旅行Two是想和你一起去见见周公Three是想和你每晚关灯云端飞行Four是想和你有个孩子围着你团团转KissU夏短夜长我想喂你吃糖?MyBAE@LuvTripleMe,1,0.5
71,上课前，我走过六班的门口，七班的门口，透过八班的窗户偷偷瞄了她一眼，红着眼，走进了九班.,1,0.5
72,一个人的喜欢叫重蹈覆辙，两个人的喜欢叫失而复得,1,0.5
73,我愿意被你浪费但重蹈覆辙不行,0,0.5
74,我以前以为喜欢是一件很了不起的事能翻山越岭能山海皆可平后来我才明白其实都不是它连让你快乐都做不到,0,0.5
75,我以前，我也以为，开始厌倦了就是要结束了。直到最近才知道：当你感觉爱开始变淡的时候，真正的爱才开始浮现。当然，你可以选择放弃掉，然后去寻找又一个新鲜的爱。但代价就是，你永远逃不过新鲜的死循环。,1,0.5
76,卧槽，中华小子，绝壁国产动画最佳，剧情制作极其精良。,1,0.5
77,中国人也不是做不出来好动画，人才一大把，素材一大堆，技术可以引进，就是没人肯投钱……动画制作产业这么不景气，风气差，内容管得那么严，动画片国内受众小，除非是央视特定的，什么哪吒传奇，小鲤鱼历险记之类的，否则大投资很容易血本无归的。,0,0.5
78,编曲真是人间宝藏啊，对吗？,0,0.5
79,当年在声乐班唱这首歌欢迎白血病痊愈的插班生，不过她没上几堂课，似乎又复发了，后来就一点消息没有了也不知怎么样了[哀伤],1,0.5
80,我听hiphop但我并不懂什么是hiphop当我听到这首的时候心想这大概就是了吧,0,0.5
81,橙留香，菠萝吹雪，陆小果，乱臣贼子，贼眉鼠眼，认贼作父，天下无贼，独孤狗。,0,0.5
82,居然是孙楠唱的[惊恐],1,0.5
83,杨和苏这首歌真的炸了管你来自哪个流派不妨一起上,1,0.5
84,一定要找一个视你如宝的男朋友他得满眼都是你才行???,0,0.5
85,高三，最后一搏，我只愿高考过后无怨无悔！,1,0.5
86,仿佛看到一个超酷的短发女生，画着很酷的黑眼线，顶着男孩子一样的头型。摸着手上满满的纹身，对着已经分手的男友吐出一口烟，装作不在情绪的样子随意问了一句有没有爱过我。其实内心早就已经崩溃到不行了，这首歌用很平淡甚至在我觉得是慵懒的声音语气唱出来，我却感觉到了无比的难过。好吧是我想太多,0,0.5
87,"""""""你想过一个家的样子吗?那里有我们共同挑选的沙发和地毯也有可以喝酒吹风的露台厨房里咕嘟咕嘟的炖着我给你煲的汤猫就懒洋洋的趴在椅子上天渐渐黑了我站在落地窗前看着这个城市温暖的灯光突然门响了你张开双臂笑着说我回来了我跑过去抱住你就像抱住了整个世界""""所以快把我宠坏叭～""",0,0.5
88,“你在黄昏寄一场梦给我满载相思的欢喜和宇宙的星辰你不是她们所说的温柔的人你是温柔本身”,1,0.5
89,天龙八部的发布会上，主持人说到嵩哥新歌《雨幕》多榜冠军，问嵩哥有什么想对歌迷朋友说的，嵩哥说，“就挺正常的。。”[大哭]那我们要给他永远的自信啊！,1,0.5
90,我特别能理解那些总是很晚回家的人，因为我以前也跟他们一样，孑然一身，害怕孤独，却没办法逃避孤独，眼里只有未来的不安与迷惘。但等这片风与寒都过去，嚼一口跳脱的味道还要换上好看的衣裳，就像她的存在，就是我生活的动力。请你加油，陌生人，给自己点一盏明灯！,1,0.5
91,我是大山里的女孩，第一次到深圳上学，以为多的是勇气，没想到是怯懦，自卑得透不过气来，你喊出我名字的时候我简直不敢相信，紧张到极点的我匆匆跟你打过招呼就跑了，任你怎么在后面喊我。这么多年过去了，我还是像原来一样，偷偷关注着你的信息，只是不知道再见的时候，你还能不能喊出我的名字。,1,0.5
92,我对每个人都说晚安唯独对你说喜欢,1,0.5
93,“你们就当我是中国的铁杆粉好了我就是曾经在天安门看升国旗哭了的人我就是每次看奥运会听见国歌就眼红哽咽的人我就是曾经半夜看网上北京奥运生火传递时中国人保护火炬的图片看的嚎啕大哭的人”,1,0.5
94,大家都唱的好棒！！！哥哥也唱的很好！！！但是我确实被吉克隽逸的唱歌功底震撼了一下????四位哥哥姐姐都很棒，谢谢你们愿意帮助弱势群体，大家这么好，以后也会更好的,1,0.5
95,kimi的声音太好听。不明白为什么他的歌不火。词曲风格，和他的实力，都可以。,0,0.5
96,“长大真不好连快乐都裹着一层苦”,0,0.5
97,1/2sweet+1/2cool＝Justin,0,0.5
98,高二那年我抑郁症就是这首歌给了我很多力量，结果你因为抑郁症走了,1,0.5
99,前天晚上30多岁的班主任以非常轻松的语气讲述了他的初恋“我们从电量100％打到5％，打个整整9个小时，手机快要关机的时候，她给我唱了首《后来》，之后就再也没有联系，上了大学我去她的大学找了她好几次，她都故意避开我，到现在都不知道什么原因，”说完他翻开书，我看见了他眼里的泪。,1,0.5
100,你说枯木逢春我说生不逢时,0,0.5
101,知道吗，网易云的私人FM是没有上一曲的功能的，就像有些人，你一但错过了，就没有回去的机会了，可是网易云却又有一个最近播放的记录，就像，只要你想肯努力，失去的总有办法找回来,1,0.5
102,我此生遇到过三个戏子，第一个哥哥演绎的程蝶衣，一生戏痴，第二个二月红，以情入戏，第三个解语花，红妆倾城，从此入了戏，世间有朵解语花，凭谁解花语这三个中有两个在三叔笔下他们都有血有肉对于我来说已经不只是一个书中的角色那么简单了我本是听书人奈何入戏太深——典狱司,1,0.5
103,人生似一场聊斋艳遇，走进去的时候看见周遭花开成海，灯下美人如玉，一觉醒来，发现所处的地方不过是山野孤坟……,1,0.5
104,萤火虫只有20余天的寿命，夏末初秋以后，依然只会剩残骸葬于枯草。一切渴望，恋慕，一切光明的，美满的结局都要付出代价。或许这代价正是粉身碎骨万劫不复，但人生没有对错，只有值得不值得。,1,0.5
105,崔豹《古今注·鱼虫》：“萤火，……腐草为之，食蚊蚋”,0,0.5
106,就喜欢你，你回来喜欢我好不好,1,0.5
107,原来太子妃升职记的主题曲是崔子格唱的，好听的要哭了。看完这部剧我的感触还是颇多的，觉得机会真的很重要。张天爱不再是那个只能跑龙套的小角色了，盛一伦成功转型，崔子格也不再是我心里那个只会唱老婆最大的非主流歌手了。在这一切到来之前没人知道他们经历过多少的辛苦。在薄发之前的厚积，是痛苦,1,0.5
108,剧情顺序《世末歌者》——《末日积雨云》——《同归世界线》,1,0.5
109,我非常喜欢最后的结局。许宣的下一世许仙捡起掉落在桥上的钗子，撑着伞从拥挤的人群中穿过，追着跑上去，叫住那一身白衣的姑娘。而小白回过身，看见相同面貌的他，瞳孔放大，最后却露出一个温柔的笑容。没有流泪，只是微笑。千年的红尘滚滚，就该如此豁达而又痴缠,1,0.5
110,华语乐坛的很多好歌都给了天依，有时候我非常好奇且敬佩这些歌的背后，作者们是多么伟大的存在，他们把自己最棒的才华给了天依，再由天依酱演绎给我们，当然离不开他们艰辛的调教，音乐如此传承，生而无憾。,1,0.5
111,愿我有生之年，得见您摆脱风邪之困；愿我有生之年，得见您拔除附骨之蛆；愿我有生之年，得见您残肢再续；愿我有生之年，得见您醒魄还魂；愿有有生之年，能见你重塑辉煌！愿我有生之年，得见您君临天下！,1,0.5
112,青梅竹马，两小无猜。可是世事难料，终有一天，青梅会离开竹马，竹马也会找到另一半。可彼此的心里，都还有那份珍贵的感情，因为，他们都无法忘却！,1,0.5
113,你们知道吗，极致的抑郁搭配绝对理性，就是神,1,0.5
114,中国古典文学里大抵有两位英雄，一只灵明石猴踏凌霄碎南门齐天狂傲，一位戾气少年削筋肉断肋骨独守陈塘。一个皈依佛门，一个招归天庭。,1,0.5
115,花大爷我是你的忠实粉丝，不管别人说什么，我希望你可以继续唱歌给大家听，让那些黑子闭嘴！我最喜欢你这首歌的世界级美声，哼，哼，啊啊啊啊啊啊啊啊——,1,0.5
116,小时候觉得许嵩汪苏泷这些歌好流行，但是渐渐发觉长大了以后爱听经典老歌，或许他们唱起歌来是用感情不那么花哨吧～也越来越难接受新的音乐。我还只有20岁怎么觉得老了[呲牙][呲牙][呲牙],1,0.5
117,"""""""我只有一点点喜欢你了我很乖了我没有闹了我也没有和别人提到你了我想了一千遍一万遍我们在一起的样子又觉得这辈子都不要和你在一起了""""""",0,0.5
118,想要把你把你抱住[心碎],1,0.5
119,所爱隔山海山海皆可平,1,0.5
120,意别ep还没出的时候看了这首歌的演出视频五十多遍第一次听的时候全身鸡皮疙瘩都起来了感同身受写的完全扎心意别真烦写的歌听到我心情不好。,0,0.5
121,她今天喜欢了四首歌，有一首是我曾经喜欢的，有一首的评论我看过了你可能永远不知道，可怜你的旧情人，看不到你的新内衣，明明都说了上了火车就翻篇了，可是你为什么一瞬间就把我拉到了起点。是啊，我看不到了你的新内衣，但是我看到过我最爱的样子，你有你的新内衣，我弹我的旧烟灰。,0,0.5
122,对不起我投降了我超级粘人也超级喜欢你并不是可有可无那种是你不理我我就没法好好做事你忘说晚安我晚上都睡不好偶尔故意冷淡是想看你反应没回你信息是因为太喜欢你感到沮丧自己藏起来难过我其实没有事情做也不喜欢别人我只对你这样以前我忍不住现在我可以了,0,0.5
123,小女子不才，未得公子青睐，扰公子良久，公子勿怪。南方的我，北方的你，再也不会见了吧。愿你风尘仆仆深情不被辜负，虽回不到过去也回不到当初，愿你半生漂浮此生能有归宿，愿你风雨落幕能有人免你孤苦。,1,0.5
124,如果喜欢和合适能撞个满怀多好,1,0.5
125,胆子要有多小才会感觉拉拉拉拉拉拉会恐怖[汗],0,0.5
126,感情这回事不负彼此就好不负此生太难,0,0.5
127,现在是5月16日，距高考22天。我也开始本能地害怕。学习没学好，和几个同学的关系也没处理清楚，成为一名LeagueofLegends职业选手的梦想更是遥不可及。不喜欢什么“乾坤未定，你我皆是黑马。”总要为慵懒买单。19届考生加油！冲鸭！,1,0.5
128,gay做的太累了，以后不会再喜欢男生了，也不会妥协去喜欢女生。人在一定的时间点，必须亲手结束一些东西，好让自己真正想要的来得快一些。祝福我自己，也祝福看到这条留言的人,1,0.5
129,昨天梦到他替我擦眼泪，他说没好好爱我他很惭愧,1,0.5
130,相比「煎熬」，更喜欢「大火」[爱心],1,0.5
131,从初中听到现在，十六岁，好心酸。[大笑],1,0.5
132,我给女神发信息：嘿，在吗？4个月后女神回复：我刚刚在洗澡,0,0.5
133,我不喜欢你了只是偶尔会想起你,0,0.5
134,"""""""有一种性取向叫做ithromantic，中文是回避型依恋人格，指在你对某个人产生好感后，当他对你有同样感情后，你就会讨厌这种感情，甚至不再喜欢他。简而言之，这样的人注定孤独终老。”所以，求你离我远一-点，我在远处看着你就好""",0,0.5
135,我等了这么久，你却说如约而至,0,0.5
136,鱼对水说：“你看不见我的眼泪，因为我的泪在水里。”水对鱼说：“我能感受到你的眼泪，因为你的泪在我的心里。”——佚名,1,0.5
137,“别摸我头发了啊，会长不高的”“不会的啊”“你说不会就不会啊——”他已经一把把她高高抱起“看吧，现在比我还高了吧”庆幸陪着你的是我，我的小丫头啊，有你，就是最美好的生活，哪怕生活再苦，我也甘之若澧,1,0.5
138,18岁啊，可以光明正大的去网吧啊，无视所谓的18禁了啊;18岁啊，可以谈恋爱了啊。18岁，法律承认你呢，可社会不承认啊。18岁，也要努力了，酸甜苦辣的18岁。,0,0.5
139,词李荣浩曲李荣浩吉他李荣浩和音李荣浩制作人李荣浩和李荣浩合作太难了?,1,0.5
140,“夏目漱石曾把iloveyou翻译成“今夜月色真美”，那如何翻译iloveyoutoo呢？风也温柔。”,1,0.5
141,李奇玥，现在是2017年6月3号12点36分，惹你生气了，我现在的理想是今天能把你哄开心。而你本身就是我的理想！我想几年后再来看这个评论。如果它已经成为热门。我们结婚好不好@不会游泳的-鱼,1,0.5
142,失恋卧槽他妈，千万离薛之谦远点,0,0.5
143,愿你执迷不悟时少受点伤，愿你幡然醒悟时物是人是。,0,0.5
144,你们觉不觉得赵雷喜欢有韵味的老女人,0,0.5
145,电影里玛婷达很骄傲地对那个旅店的老板说：He'snotmydad，he'smylover.,1,0.5
146,啊哈哈，我想起青峰有次在电台里说起自己以前唱腔的问题，说他现在听以前唱的小情歌就想说：奶个屁呀！[大哭][大哭][大哭][大哭],1,0.5
147,你要是当仙女当累了，就来做我的宝贝.,0,0.5
148,申请进入你的心里我敲门了喔,1,0.5
149,那天凌晨站岗回来。塞着耳机听着这首歌，想起来部队已经五年了。身边的同学朋友都相继结婚生子，可我还一直在这守着这片疆土，心里倾刻间难受了起来。我不知道我还能在这里坚持多久，但我始终能做到不会因为路走的远了，而忘记当初为什么出发。,1,0.5
150,五年前突发急性病，经历长达两年的卧床，大大小小八次手术。最终还是没能保住股骨头，一侧股骨头被去掉之后，拄着拐杖去学校。很痛，但父母也承受了太多，知道他们更痛。距离高考还剩361天，快21岁的我将会在接下来的一年拼劲全力证明自己给那些说我不行的人看！给爸妈证明他们儿子也是很有出息的,1,0.5
151,我不是董小姐，我也不是莉莉安，我只是平凡的有点苍白的小黄鸭我没有故事，我的生活一贫如洗唯一值得谈谈的应该是我好像生病了第二片肋骨下一直隐隐作痛可我还是要傻傻的笑着，因为即使我哭的话，王先生也不会回来了,0,0.5
152,每个孤独的人都是诗人,1,0.5
153,你来时冬至但眉上风止,0,0.5
154,在这突然出现的强烈氦闪下，海面上最后的地球派们仍稳稳地站着，像五千多尊雕像散发着炫目的光彩......“我们都知道自己看不到真理被证实的那一天，但如果人类得以延续万代，以后所有的人将在我们的墓前洒下自己的眼泪，这颗叫地球的行星，就是我们永恒的纪念碑”,1,0.5
155,精神病院实习护士说，只有抑郁科我从来不敢去。别的科有杀人的，狂躁的，傻笑的，只有抑郁科是一点声音都没有的。,0,0.5
156,她可以褪色，可以枯萎，怎样都可以，但只要我看她一眼，万般柔情便涌上心头。,1,0.5
157,黄钻到期了，也不想续费了，你空间我不去了,0,0.5
158,真希望在座的各位都是久别重逢，别来无恙，而不是不如别相逢，不如别相遇。,0,0.5
159,你来人间一趟，你要看看太阳，和心爱的人，一起走在街上,1,0.5
160,跟我走吧心跳给你冲动给你第一个吻给你潮湿的发梢给你深夜的呢喃给你拙劣的情话给你眼底的星星给你血液的奔涌给你寒风给你炙热给你小心翼翼给你奋不顾身给你余生所有的清晨日落早安晚安全都给你,1,0.5
161,齐秦：袖手旁观？唉，袖手旁观吧。李健：我会学着袖手旁观是因为我太爱你。张宇：袖手旁观？去NM的，对你我怎么做到袖手旁观？,0,0.5
162,这么一首动情的歌，现场却尽是欢呼尖叫，杨宗纬当时的心情恐怕是绝望，绝望观众根本没听懂他这么卖力地在表达什么,0,0.5
163,毕业后，女生要到美国发展，临行前，男生给了女生两个盒子：“如果决定离开，就打开第一个盒子;如果决定留下，就打开第二个盒子。”女生带走两个盒子，最终打开第一个，是一张机票。飞机上，女生好奇的打开第二个盒子，泪水夺眶，里面是两张机票和一张字条：你若为我留下，我也愿随你去远方。,1,0.5
164,听到高潮想到张宇[呆],1,0.5
165,2017.10.1我躺在医院，这已经是第4次化疗，头发几乎已经掉光了，望着窗外，思考了很久，我才24岁，生活该是什么颜色的，我打字的手在颤抖，我还不想这么早早的离去，我在云村待了一年半了，很怀念这个让我喜欢的世界，和这些我喜欢的歌，愿你们能健康快乐的生活，不好像我一样留下这么多遗憾！[哀伤],1,0.5
166,我想喝个烂醉之后再打个电话给你告诉你我真的很喜欢你真的离不开你可惜老子根本喝不醉！哈哈哈！满上！满上！哈哈哈！给老子满上，哈哈哈哈哈哈哈！,1,0.5
167,“他还要路过四月桃林，一顾人间惊鸿，领略四季更迭，最后带着一身干净的气息，停在你这里。”,1,0.5
168,最喜欢的两部民国剧：《来不及说我爱你》和《凤穿牡丹》。李小冉真的很美啊。,1,0.5
169,13年去舟山看海，了却心愿，回来的路上坐在的士上，外面正下着雨。你靠在我肩膀上，车里的广播正放着这首歌。那时我以为就这么流年下去就好。可是后来，还是自己一个人唱这首歌。,1,0.5
170,谁能告诉我为什么听hiphop的女生都那么漂亮…,1,0.5
171,我淋过最大的雨是你黑夜里的不回头,0,0.5
172,恢复理性后，感性就成了尴尬,0,0.5
173,唯一与王菲不分高下相互媲美的歌手,1,0.5
174,上了岸就别想海里的事,0,0.5
175,“大圣，此去欲何？”“踏南天，碎凌霄。”“若一去不回……”“便一去不回！”,0,0.5
176,有一个地方叫做稻城我要和我心爱的人一起去到那里看蔚蓝的天空，看白色的雪山，看金黄的草地，看一场秋天的童话…从清晨到夜晚，由山野到书房。只要最后是你，就好。,1,0.5
177,以前不喜欢王菲，现在才发现是没到年纪。,0,0.5
178,小不才未得姑娘青睐扰姑娘良久姑娘莫怪自此所有爱慕之意止于唇齿溺于年华今生就此别过,1,0.5
179,难平的不是山海是你的心,0,0.5
180,真正的烂大街家喻户晓而且还是很美的一首歌。不像现在那些个所谓的神曲,1,0.5
181,突然一想，之前很喜欢俊杰的歌，当时是中学，现在已经变成在公司上班的大叔了,1,0.5
182,“那日撞见你，草色风衣，自后私宅摆设便换了绿。”《哥伦比亚的倒影》,0,0.5
183,“星星説話了，石頭开花了，你又回来了。”,1,0.5
184,我跟我喜欢的女孩子相差3岁，她总是嫌弃我太小，两个人就一直这样错过啦，中秋我也要回家相亲了，哦对了，今年9.3号她结婚了。,1,0.5
185,每当有人问起，为什么我不恋爱的时候，我都以麻烦为由搪塞过去。又有人开始问我到底喜欢过谁没有，我也轻描淡写地表示否定。无数的朋友告诉我，或许是你还没碰到过真正喜欢的人吧，我却没法开口告诉他们，其实我曾经碰到过，碰得太早，以至于我没来得及分清，也没来得及弄明白。,0,0.5
186,被全中国嫌弃烂大街就好像很LOW的大张伟说：“以后孩子问有什么传统的音乐，但爸妈只听过日韩港台R＆B和ladygaga，万一想起句我的《穷开心》也算给孩子唱十三香了，民间小调儿我能抢救一段儿算一段儿。”,0,0.5
187,很快，30分钟就999+，现在你的歌也要付费了，可我买不起黑胶，不过没关系，你还是我心里的那个少年，我的愿望就是你越来，越好。?,1,0.5
188,风霜满面的将军下马问路边茶娘：“大婶，你知道附近那个说话很温柔的卖茶姑娘住在哪吗”茶娘笑笑：“她呀，嫁了个好人家，衣食无忧，听说过的很好”将军叹息，从怀中掏出块手绢，请您帮我把这个还给她，谢谢她当年的茶点心。日落马远，茶娘小心将手绢系在手腕，向食客吆喝老娘今天开心，所有茶水半价。,1,0.5
189,我他妈又不是什么圣人，怎么会希望你过得很好很幸福，我巴不得你过得贫穷孤独，每到深夜时，都是想着我的好。,1,0.5
190,我还是很喜欢你但不想在一起了,1,0.5
191,当一个女生错过最想嫁的人她会变的越来越挑剔当一个男生错过最想娶的人他会变的越来越随意挑剔是因为都不如你随意是因为反正不是你,1,0.5
192,“我要在那儿，种很多很多的紫藤花～然后…那边，种上绣球花、牡丹，亭中再来些荷花～这样我们冬天的时候，就可以在雪中摘梅，打雪仗，夏天的时候，听虫鸣～那就再种一些芭蕉，早也潇潇晚也潇潇，岂不快哉”,1,0.5
193,你不接我电话也可以，但是不要每次都让中国移动替你说「对不起」[哀伤],0,0.5
194,我也知道自己很没出息，即使你忽冷忽热，可你只要给我一点点甜头，我就又会屁颠屁颠的奉上全部，我也觉得累觉得难过，心软是最致命的脆弱，我明明都懂却仍拼死效忠。,0,0.5
195,虽然你来日遥遥无期但你要知道只要你在路上我就在安静的等你永远不算迟到,1,0.5
196,哈哈哈聊天记录截图我删了语音收藏我也移除了我想我不喜欢你了吧,0,0.5
197,这嗓音，我个大老爷们都要弯了，别顶，要脸[吐舌],0,0.5
198,这首歌封面没截全，实际上是满汉的这7位歌手，每人代表一种花：李蚊香是向日葵，梨落是梨花，萧忆情是紫藤花，小八是兰花，小义是荷花，特曼是彼岸花（为什么要给我爹这么玄幻的花），最有内涵的是Mr.曾经，身后是一片菊花，手上拿的却是百合[大哭],1,0.5
199,就我一个是玄觞和双笙的粉丝么？[大哭]最喜欢的两个声音第一次合作，爽的我都快飞起来了，可是你们竟然还有功夫在这里吵架[撇嘴],1,0.5
200,重庆-菏泽，开了20个小时车，离家还有100公里，我回来了妈妈。,1,0.5
201,三月份带她去了大理和丽江，带着她听民谣喝酒画画打炮，有个晚上在丽江她说要和我一起去西藏，要陪我去追求我的梦想。但从丽江回来后我们分手了。我去了法国，她还在继续画画。后边她找了另外一个男人，我得了抑郁症。就像置顶说的那样，你带着姑娘去听民谣，你回来了，姑娘没了。,1,0.5
202,心，生来就是要碎的。玩具，生来就是要被玩弄的。,0,0.5
203,我今年刚毕业，进入职场。从校园到社会，环境的变化太大，人们的角色转变太快。我身边有月薪10k+享乐主义的月光族，也有不想柴米油盐专注科研的大教授。有人也许会追求耶稣和神的庇佑，有人可能依旧坚持共产主义的信仰。但无论怎样，这都是真实的模样。也无论他人怎样，希望我们还是自己的模样。,1,0.5
204,每个男孩都希望有个姐姐，每个女孩都希望有个哥哥。,1,0.5
205,在网易云遇到一个男孩子聊天很好他在考研他唱歌很好听他说等他出名了就来找我他说他未来要为我写一首歌用我的名字命名如果有一天你们在网上搜到邱瑶这首歌那我们是很幸福的?,1,0.5
206,“我要偷你的体温”“说人话”“要抱抱”,0,0.5
207,我总是一厢情愿现在风走了八万里等回来了八万不知道有没有等到最爱我的你,1,0.5
208,澳门风云2唯一亮点…40块钱听了首歌…,0,0.5
209,我娶了前途，你嫁了生活,1,0.5
210,因为自己是新疆的喜欢柳仙女是从《新疆怎么你了》到后来开始了解他喜欢上每一首歌再后来也是从听柳仙女的《高米店南》开始了解公大无意中遇见了喜欢的师兄也在团河校区我们跨过北四环到南五环的距离可惜师兄要考研出国了他曾说“其实想过在一起但是未来不允许”之后再没敢听过这首歌[心碎],1,0.5
211,有人和我说80%的人都是双性恋但迫于一些原因很多人都会去喜欢异性，我只笑笑，直到入伍一年的男朋友告诉我他爱上了一个男兵他说他还会想起我，他说我们坎坎坷坷走过那么多。忘了说，我们从初一开始谈恋爱到现在七年了,1,0.5
212,没有什么过不去只是再也回不去,0,0.5
213,男孩子呀你要明白女孩子的撒娇女孩子的任性女孩子的小脾气都是在告诉你快抱抱我,1,0.5
214,你爸爸妈妈没教过你礼尚往来吗我喜欢你你得亲我???,0,0.5
215,小学的she，初中的周杰伦，高中的清明雨上和艾薇儿，现在欧洲风情,1,0.5
216,人们衣服传来洗衣粉的味道，地铁里的空调吹的让我有点不舒服，我听着这首失恋的歌，却没有什么经历可以对号入座，圣诞节快到了，却又更感觉孤单，我不停的上车下车，感觉像在这个城市迷了路。,1,0.5
217,当初mv刚出的时候就被前奏吸引了,0,0.5
218,袁成杰在薛先森的微博下面评论。这首歌当年彩铃下载量破亿，他和戚薇的收入是……0……,0,0.5
219,只有不喜欢的才乱撩，喜欢的都是小心翼翼[爱心],1,0.5
220,我谈了一场恋爱，对着手机哭，对着手机笑，最后分手了也没能抱一抱。?,0,0.5
221,初恋女友在KTV唱给我听.现在..断了跟她的所有联系.不打扰祝幸福.,1,0.5
222,学校门口卖早餐的一个爷爷叫女孩都叫丫头！这个花心大萝卜,0,0.5
223,落榜复读，偶遇转校女孩，惊为天人，遂追求，历经半载，如愿。虽终日书信传情，夜半通幽，亦榜上有名。时值奥运之年，吾亲赴鸟巢行工瓦之事，两月酷暑搏伊人一笑，畅！其中种种，美不胜收。然事与愿违，伊人家境颇丰，狮城留学，至今未归。前日于旧友偶闻其已婚配，门当户对，落叶不归根。吾，百无一用,1,0.5
224,一生中，总会让你碰到几个怦然心动，让你觉得即使用尽一生都无法遗忘。很多年后，琐碎生活与时间倦怠的逐步侵蚀，感觉日益趋于迟钝，心也由得满不在乎，只是记忆不由得你，或闲庭信步的触景伤情，或梦醒时分的暗自惆怅，或只是某个漫不经心的调侃后，那昔日的情景乍然浮现心间，遥远的恍如海市蜃楼。,1,0.5
225,超市里，背后传来一个姑娘的带笑的声音“既然如此，那就出来打个分手pao啊”心里一惊，好奇如此无耻洒脱的姑娘到底长什么模样，扭头看过去，只瞥到了一张哭花了妆的脸。,0,0.5
226,“被人告白觉得都是玩笑，被人喜爱觉得爱不持久，跟刚认识的朋友多说几句话怕别人嫌我烦，跟喜欢的人面前觉得自己不好看，基本上我除了打牌时喜欢乱叫地主以外，都活得克制严谨小心翼翼，敏感多心，也该孤独。”,1,0.5
227,无烟无酒时，以民谣下菜。,1,0.5
228,听完了，把打了一堆字都删掉。谢谢，网易,0,0.5
229,我很爱她今天凌晨3.50我们大吵了一架我们隔着3512.6km我不知道她现在去哪儿了在想什么我是真的真的很爱你能不能别扔下我我还没有来得及看你穿我给你买的裙子我知道你不用网易云但是可笑的我却希望你能看到我爱你此生一个猪喵喵[爱心],1,0.5
230,现在是北京时间08:43分送女儿去了学校，我去了医院查出了肺癌晚期，中午我做了她最喜欢吃的西红?炒鸡蛋，她妈妈走的早在的那会我不怎么下厨全是妈妈下厨做饭，西红柿炒鸡蛋唯一的一道菜做很棒，事后妈妈2019走的，西红?女儿她再也没吃到过，我这个做的父亲很对不起她…不说了时间不早了做饭去了,1,0.5
231,给我一瓶酒！再给我一支烟！说走就走我有的是时间但是我没钱！,0,0.5
232,献给世上每一位曾追星的孩子，无论你所注视的是哪一颗星星。谢谢你们，曾经如此喜欢把我们如此放在心上，我们也喜欢。所以我们仍努力奔跑着。---林宥嘉,1,0.5
233,希望他最后娶一个像我一样的女孩这样他就能一直记住我又害怕他最后会娶一个像我一样的女孩如果像我为什么不是我,0,0.5
234,已经不喜欢你了已经准备好过一个人的生活了可如果你回来找我前面这句话当我没说,1,0.5
235,单曲循环中，我想我已经爱上了这首歌[爱心],1,0.5
236,如果你碰巧遇见了这条评论，交个朋友吧，我愿意做任何人的粉丝，聆听你的生活，毕竟这个世界，大家都是靠那仅存的一点温柔活下去的，我希望，在那些伤心的夜晚，你可以将你的心事向我诉说，虽然并不能改变现实，但如果能让你感觉到一丝温暖，那么我的初衷便达到了,1,0.5
237,“你现在的生活也许不是你想要的，但绝对是你自找的。”,0,0.5
238,真正的rapper不用吸毒，真正的嘻哈不用脏话,1,0.5
239,花了八秒删了你的联系方式花了八分钟删了所有的聊天记录花了八小时扔掉了所有与你有关的东西花了八天才静下来花了八个月才开始忘记你结果你一个电话说了一句在吗所有记忆全部复活????,0,0.5
240,《撕夜》由台湾音乐人蔡政勋和民谣歌手王武雄联合为阿杜量身创作的歌曲，创作灵感来源于阿杜早年的经历，在进入歌坛之前阿杜当了7年的建筑工人，期间经历了诸多辛酸，这首歌正是讲述了一个平凡工人的现实生存问题。,0,0.5
241,人孤独起来真是太可怜了,0,0.5
242,“萧音弥漫”（首专）→“萧量第一”（巅峰专）→“萧声匿迹”（隐退）→“萧申克的救赎”（复出）……很好很完美,1,0.5
243,人世肯相逢，知己幸有七八！,1,0.5
244,Q:女孩你为何踮脚尖A:因为矮（扎心了[大哭]）,1,0.5
245,我热爱耽美，但某种意义上讲我并不是腐女，我希望各位不要带有色眼镜看待耽美，因为天生的偏见让很多人从心里对耽美嗤之以鼻，耽美耽美，耽溺于美，如果各位能避开现在充斥耽美区的杰克苏小说，了解体悟真正的耽美和男子之恋，也许会发现一点不比bg的感情差，反而有胜出之处。,0,0.5
246,原型是钟仪罢了。说的是前朝琴师被俘，后因琴技精湛而得宠。琴师至始至终只是为侍卫而弹奏，因此不愿从王，被贬入狱。侍卫潜入牢中看望他并喂过他粥。后王大赦天下，琴师得以出宫，而侍卫依旧留在宫中侍奉王。琴师最后终老故乡……,1,0.5
247,18岁的时候，病了一场，在家里面养病养了好几年，没有上过大学，也没有谈过一场能够留给自己一场美好回忆的恋爱，12年的时候，病情正式稳定了，现在也能工作了，感谢上苍对我的眷顾，还是相信那句话，即使我的人生是有遗憾的，但我也相信他是短暂的。,1,0.5
248,日常表白黄磊，今天是我们在一起的229天?,1,0.5
249,日常表白姜思颖，今天是我们在一起的229天?,1,0.5
250,《BINGBIAN病变》歌手:Cubi/Fi9/Younglife.支持原版，支持原驻歌手，支持Fi9.,1,0.5
251,接触排骨时是因为桃花笑被原声的洒脱和戏腔的惊艳折服，后来发现了胖爷，还有有成精的西瓜[大哭]然后知道了b站，然后……我就打开了新世界的大门[大哭],1,0.5
252,啊啊啊啊，快来夸夸我，我发MP3快半年啦，曲库君今天才回我邮件上传啦，好激动啊[流泪][流泪][流泪][流泪],1,0.5
253,多希望真的没有爱过你，就不会拿着婚礼邀请函看了一晚，新郎名字35划，看名字应该是个稳重的人。特地去买了一套西装，虽然没有混的很好，但不想别人说你前男友现在很落寞。看见你走出来，眼泪哗地留下来了，强忍着眼泪看着你，可你故意不看我，我知道你不敢看我，那就别看了，今天大婚别花了妆,1,0.5
254,林志炫与妈妈的故事，如果你能好起来，那我每天都给你讲一件我以前瞒着你的事。,0,0.5
255,为什么腾格尔蜀黍唱得越正经我越想笑2333好阔爱…[大哭],1,0.5
256,喊寒的音域似乎扩宽了？他早期的高音一上去就容易受，今年这几首歌的高音上去得简直轻轻松松。随着年龄增长，声音里的厚度在增加，层次感也更丰富了，唯一不变的该是那股云淡风轻的味道：情深而不夸饰，平淡中滋味长[爱心],1,0.5
257,“听闻小姐治家有方，鄙人余生愿闻其详。”,1,0.5
258,6年级时听到的，现在大三了，洗完澡出来突然想听了,0,0.5
259,道长：芸娘，月白要生了，今年我们就不能来　　了。　　毒萝：芸娘，五哥他……我想去他墓前，守着　　他。　　军爷：明年开始我就要调往边关了，怕是也不　　能常来了。　　喵姐：这一个个的混蛋，亏我还从大漠赶来，　　他们不来，我们俩喝！,0,0.5
260,酒肆掌柜：哎！芸姑娘，就知道您今天会来，　　还是七副碗筷？　　芸娘：掌柜的，今年麻烦再填一副。　　酒肆掌柜：好好好~二位，楼上请~　　小婉：师傅，我们为什么来这里啊？　　芸娘：因为师傅答应了一些人每年这个时候都　　要来这里。　　小婉：那他们在哪呢？　　芸娘：他们……,0,0.5
261,路人：小二，结账！　　酒肆掌柜：好咧！客官，您慢走！　　酒肆掌柜：芸姑娘，醒醒，醒醒，我们要打烊　　了。　　芸娘：唔，好。　　酒肆老板：连您徒弟今年也没来……您明年还　　来么？　　芸娘：嗯。人生春秋数十载，有些事总要有人　　去记住。,0,0.5
262,军爷：来我们一起敬芸娘一杯！恭喜她顺利出师！毒萝：以后该称芸女侠了！喵姐：要我说，以后我们每年都这个时候都来这里小聚怎么样？毒萝：这个好这个好！若是谁忘了，我第一个饶不了他！,1,0.5
263,作词＋作曲+后期＋和声＋混音＋...=全能=许嵩=我嵩?,1,0.5
264,当时室友在放这首歌，我就问是啥名字？他说不要说话，我就说我偏要说话，我就问一下名字嘛，为啥不能说话……后来，后来，可尴尬了[大哭][大哭][大哭],1,0.5
265,一听这声音就是小时候偷偷抽爷爷三块五的烟,0,0.5
266,说句实话我想上广东海洋大学,0,0.5
267,希望你们这群大哥看到游戏名称fengshi99往死里打他，我对象天天就知道吃鸡吃鸡，现在又穿衣服出门了……嘻嘻嘻请往死里打,0,0.5
268,你：“你拉黑我吧”，我：“好”你：“以后不要再联系了”，我：“好”你：“挂了”，我：“好”你轻易一句，我却用尽所有的信仰去回答每一个好,1,0.5
269,听开头的时候我走路吊到不行[大笑],0,0.5
270,我发现我的品味越来越迷了,1,0.5
271,短书信书长情窗外落花半脂净夏梅雨难宁远山清雾散尽几许烈阳与蝉鸣伊人可在听,1,0.5
272,想起高中同学，她最喜欢小时代了，可惜电影只出了第一部后她就意外去世，再也无法看到结局……还记得她去世那天下了那年的第一场雪……大雪求你别抹去，我们在一起的痕迹……,1,0.5
273,居然把一夜情唱得这么清晰脱俗[哀伤],1,0.5
274,“我只想我以后的老公能在结婚前把想出的轨出完，想嫖的嫖完，不要在结婚之后再给我搞事情，毕竟轮椅挺贵的。”?,0,0.5
275,最近一直在追一个女孩，无论怎么冷淡，我都在找话题，当问到你喜欢马頔，陈粒这些民谣吗？当她来了句：不喜欢，哈哈。我立马接了句：我也是，一点都不喜欢。沉默了数分钟后，我告诉她：我坦白，我很喜欢这些。然后我就很累了，不想再追了，给她说了句晚安，我说一切就这样吧，这个还不是你要的,0,0.5
276,第一次出来打暑假工，见识了社会的冷漠，感谢爸爸娇生惯养我这么多年,0,0.5
277,成全或许就像是王小波对李银河说的那样“我爱你爱到不自私的地步。就像一个人手里一只鸽子飞走了，他从心里祝福那鸽子的飞翔。”,1,0.5
278,刘备老铁阿，一趟长坂坡下来，咱哥俩尽内耗了呀，我这死了五十几个小主播，而你呢也挂了个相好的女主播，但是不打紧，只要你把你的关羽和这位赵云带过来，我这新开了个直播平台，叫铜雀台，我把东吴的俩美女主播大乔小乔都挖过来，哥俩一人处一个，岂不妙哉,0,0.5
279,B站三大迷之一：天依的这个笑话到底是个啥？,0,0.5
280,我见过真正难过的人，一滴眼泪也没流。,0,0.5
281,“我以前喜欢过你”“略有耳闻”,1,0.5
282,不知从和时起，喜欢上了这位默默无闻的歌手。喜欢上了她迷人嗓音！虽然每次找她她都不会理我留我一个人暗自神伤。但是每次她出新歌我都会一个人静静的听。默默的点上红心。这首歌是我注意她之后她的发出第10首歌。第一首是唇语。最后，我只想说：‘’任然，我喜欢你‘’！,1,0.5
283,止于唇齿掩于岁月一别两宽各生欢喜,1,0.5
284,“没有神的光环，你我生而平凡”,0,0.5
285,张嘉怡，今年我18，你25。7年以后，我不再幼稚，你也足够成熟。如果那时候我还喜欢你，你也刚好没有嫁人，如果一切的一切都是刚刚好，那你就嫁给我吧，好不好。[爱心],1,0.5
286,真的希望网易云多一个功能，如果某两个人歌单相似度90%以上，应该推荐让这两个人认识。不管是男是女，我想可能都会成为朋友。因为音乐无隔阂。当我们什么都不能聊时，我们至少可以谈谈音乐，聊聊所谓的诗和远方。,0,0.5
287,哇哈哈哈，好喜欢这首，等了超久啊啊！！希望圆哥越做越好，在新的一年里，期待圆哥的更多好听的歌曲！加油！！中国古风作者徐梦圆！,1,0.5
288,初次见面我们还不是很熟你先喊我老婆吧.,1,0.5
289,18岁，觉的爱一个人就是时时刻刻和他在一起。19岁，上大学，各奔东西，有一分就爱一分。转眼20岁，爱一个人懂得要为对方考虑，宽容，理解。话说21，知道爱一个人也会寂寞，会孤单，要给两个人各自的时间。22岁，烟头从8楼落下，等待爱情。,1,0.5
290,如果阳光永远都炽热如果彩虹不会掉颜色，你能不能不离开呢。,0,0.5
291,嗨。厦门公交车780。我旁边哭着这个女孩，我虽然不知道是为什么。我希望你明天能有个好的心情。没有随身带纸的习惯。抱歉。唯一能做的就是跟你交换位置。让你坐在窗边应该会少些人看见吧。,1,0.5
292,故事的开头总是这样，适逢其会，猝不及防。故事的结局总是这样，花开两朵，天各一方。,1,0.5
293,时间飞快，初中喜欢听的一首歌曲，现在都大学毕业这么久了。老了,1,0.5
294,高一大课间学校广播站放的，听到男声的时候惊羡了，突然走在操场上停住，旁边同学推搡打闹着。我却觉得心中很安静不由自主笑着说：“这个男生声音好好听啊！”转身就看见了你做在一群男生中看着我，然后起身从我身边经过漫不经心的说：“思念是一种病。”我看见你的眼睛，眼中有笑，像星辰落入了海洋。,1,0.5
295,屏幕前的女孩[憨笑]愿你以后结婚是因为爱情[钟情],1,0.5
296,“礼尚往来懂不懂？我喜欢你，你就得喜欢我，没有道理可讲，我不讲理。”,0,0.5
297,就在刚才我终于狠心把她的扣扣删了没有为什么就是突然觉得她该认识新的人我也一样不能老活在还有她的情绪里王又冉很高兴认识你有这么一段时光以后彼此怎样都不要知道了祝你好我有一个故友我要把她埋在时光里不回头了,0,0.5
298,曾经偶遇过一段青春，只愿此生唯欢喜。,1,0.5
299,“善良和野心都想被你们看到”你总是会最先注意到别人的情绪，去安抚他们。却总是以最坚强最开心的面貌来面对我们。你总是对自己想要的不加掩饰。因为你就是这样，知道自己想要的是什么，也一直在为此努力着。我们都在呢，替你守护初心。王琳凯，戴好你的皇冠，我们都是你的后盾。,1,0.5
300,哥如果你能看到的话新歌特好听，还想听更多新发型特好看，但也好奇你其他造型王琳凯你得出道啊你不能再回去坐在漫展里签海报了啊你不能再在雨中的台上瞎蹦哒了啊咱美签不能白办啊我们想看你的演唱会啊你在那边努力我们在这边努力你不能丧我们也不会再丧了王琳凯要成为乱世巨星啊！,0,0.5
301,小时候在老家放牛，一到黄昏太阳落山的时候几个村的大喇叭都会放这首和满文军的懂你。我躺在山坡上，看着吃着草的黄牛，那时我是最幸福的人。,1,0.5
302,作为90后小时候经常听到这首歌,1,0.5
303,愿你我成功的速度超过父母老去的速度。,1,0.5
304,这个声音适合哄我睡觉,0,0.5
305,到底经历了什么才能写出这种歌,0,0.5
306,我对二你对王我要不起你别狂[发怒],0,0.5
307,很早以前我就跟泥鳅说想做一首这样的歌，因为很想致敬一下BettyeLaVette的ICan'tStop，毕竟那个和声进行我个人太喜欢了...,1,0.5
308,初三上半学期因和老师顶嘴打老师而被开除，那时候老师说我，我以后的前途没有了，但我觉得，并不是只有学习一条路可以走，所以，去了技校，三年在本地两年在外地，今天军训，希望老铁们给我个面子，我想在五年后回来再看看评论有没有沉，有谁给我了力量，谢谢你，陌生人??,0,0.5
309,现在颜控也真是够了歌手长得好不好看真的有那么重要吗听歌是听声音的而不是肤浅的外表看到照片就在喷也真是无理取闹更何况没有人是完美的要求不要太过分好吗如果只是单纯看外表的话那出门右转不谢[大笑],0,0.5
310,白色的蜡笔画一场婚礼，那跟没画有什么区别,1,0.5
311,就记得小时候家里播放这种音乐的光盘都是女的穿着内衣在海边走来走去。。,0,0.5
312,2000多公里的距离，9岁的差距，很多人的反对，但是我还是用我最后的生活费买了这张去广州的车票。因为我想你了！我不怕。我在另一个城市会照顾好自己，别人的反对让我像一个战士，而我想保卫的就是这段不被别人看好的真情。还有一个小时就要见到你了，我在高铁上却把妆哭花了,1,0.5
313,因为这是唱片的效果啊~从衰草连横向晚晴开始的那一段感觉就像唱片机那种沙沙的声音,0,0.5
314,“二十余万年前威震寰宇的女帝，一位强势的女帝，古来号称绝艳第一。她可以斩星辰、摘日月，杀遍人间，世上独尊，为古来最不可琢磨的女子，一个狠字震动万古。——她没有天赋，不能修行，但是却逆破天地，成为天帝，辉煌压古今，成为传奇。她，一直在红尘中渡过。”,1,0.5
315,听这首歌认识许嵩的，然后就喜欢上了。但是后来感觉他变了，不对，或许是我变了吧,1,0.5
316,许嵩从一个医科大学学生，半路出家搞音乐，最后坐拥千万粉丝，百首金曲，坐上了海蝶音乐总监的位置，作为薛之谦的师哥，没有踏入娱乐八卦绯闻，数十年，洁身自爱。这不值得我们尊重么。[撇嘴],0,0.5
317,当你面对一个两难的抉择，抛硬币是最好的办法，并不是它总能给你想要的答案，而是当你把它抛向空中的那一刻，你已经知道，你想要的是什么,1,0.5
318,真奇怪，阿兰一开口就感觉百转千回的痛苦，许嵩一开口却是谈笑风生的心酸，明明是同一首歌,0,0.5
319,“所有的坚持与勇敢，不过是为了在前行的路上与孤独奋战，描绘出自己心中的星辰大海。——‘一见如故的人还等候在远方里/请你向前去’共勉。”（桑桑微博原话）,1,0.5
320,谁的新欢不是别人的旧爱？又有多少初恋可以到白头？,0,0.5
321,有一种猛将叫赵云，有一种狂傲叫吕布，有一种忠义叫云长，有一种痴忠叫典韦，有一种鬼才叫郭嘉，有一种谋略叫诸葛，有一种医者叫华佗，有一种继承叫孙权，有一种枭雄叫曹操，有一种美色叫二乔，有一种情义叫三国…[憨笑],0,0.5
322,什么时候开始，你要走我却变得不再挽留。任回忆吞噬眼眸，任寒风挂过心头，任我爱你3个字咽住喉咙，窒息、却也伸不出手，不让你走。,0,0.5
323,何洁这首歌真心最好听没有之一,1,0.5
324,翻了一下评论，觉得有点两极化一方是对祖国对深沉热爱一方是抖M抖故事[大哭],1,0.5
325,打LOL的时候意外听到。。。瞬间切出去看歌名进去被灭团了。[汗][汗][汗],0,0.5
326,那天送你进手术室，你进去之后心凉了半截，明明最艰难的时候都挺过来了，却还是害怕自己做的压根不够，害怕你会没法战胜自己…现在，你平安归来，发自内心的感到此前一切都值得。这段日子很艰辛，没有你我可能坚持不来，谢谢你给我动力。我一直都会为你撑伞，最后，我还是要再说一次，我爱你,1,0.5
327,你回头看我一眼吧我快要放弃你了[心碎],0,0.5
328,我们的关系只存在于对方的对话框里手机一锁电源一关关系就断原来我们从没有让彼此的心更靠近一步,1,0.5
329,谈了一场4分钟的恋爱[爱心],1,0.5
330,记得那时候孙浩穿身中山装......满满的都是回忆啊[大哭],1,0.5
331,刚刚，我喜欢很久的女孩终于成为了我的女朋友了，我真的很激动很激动，语无伦次无以言表！这辈子我一定要把最好的都给最好的你！2019.2.27,1,0.5
332,我十九岁时你的《已是两条路上的人》告诉我，你从不懂得怎么爱别人，要做个压抑时放纵的坏人，拜你所赐我越长大越孤独。你现在能耐了还要去发寻别人的传单，而我呢，是否去追回当初的那个女孩,1,0.5
333,人的一生，会重生三次。第一次，当你的呼吸渐弱，手掌变凉，你的灵魂脱离身体，在天堂获得自由；第二次，当你入土，亲人朋友含泪挥别，你虽然离开，却活在了他们的心里；而第三次重生，是你这辈子的付出与努力，偷偷改变着世界，默默影响着别人的生命轨迹，曾经的存在拥有无尽的价值。,1,0.5
334,暗恋她那么多年我又何尝不是一个影子,1,0.5
335,山林的风飒飒，溪流轻弹两岸泪花，森林的动物在野植中翻滚，舔舐倾垂花芯中的晨露。它们从荒芜中找寻美妙，在每个晴日殒落时，感拭心中留连的景象——踏过蓬勃感情的山谷，直抵光斓涌动的花园深处。（《繁华之处》故事书，下个桥段由你完成）,1,0.5
336,作为原著粉，我真的很喜欢这首歌。愿我们的舟舟越来越来好，愿我们也越来越好。,1,0.5
337,唯你最深得我意，也属你最不识抬举。??,0,0.5
338,再次说明：原曲和英文词的版权是华为的，华为授权各个地区的歌手来唱，所以这首歌没有原唱一说，而且中文版是张靓颖后来在创作的歌词。所以翻唱一词，甚至还有人用上盗版？？？这种言论还是闭嘴吧。,0,0.5
339,无论我怎么任性，都爱你。,1,0.5
340,无论你怎么任性，都可以。,0,0.5
341,大概Monica是只猫，也不仅仅是只猫吧。她是纯洁的Cynthia(月亮女神)，她是罪恶的Pandora(潘多拉)，她是令人怜悯的Cinderella(灰姑娘)，她也将会是我的Signora(夫人)。,1,0.5
342,是不是坐在雕塑后晒太阳的老人，偷走了我的青春。最爱这句,1,0.5
343,不要交女朋友，交了也不要告诉我。,0,0.5
344,最喜欢形容鹿晗的一句话：“鹿晗的性格里，温柔总是大于勇猛的。”,1,0.5
345,"现在是2015年8月20日00:18分，七夕节。在床上单曲循环着薛之谦的""爱我的人谢谢你""而回忆翻滚止不住眼泪。他太用心做音乐了，一直如此。不红？那又怎么样，反而成就了更久更真心的我们这样一群听着他的歌、喜欢着他支撑着他的人。他叫薛之谦，他的心愿是世界和平。",1,0.5
346,[亲]我们是你的朋友啊，谦友谦友谦友，薛之谦的朋友。你努力坚持那么多年，10年薛之谦还是骄傲地说我还是那个认真做音乐的薛之谦。而你还是当初那个当谦友看完你演出会说：“辛苦你了，要安全回家。”的薛之谦啊。,1,0.5
347,这一年，生死离别，让我不敢太任性。失去了最爱的人。让我明白何为珍惜。一个人的成长，是看他能承受多少。我还不够成熟，无法面对你从我的世界抽离，再也消失不见，触不到你的气息。我想你，老爹。,1,0.5
348,6年的感情就这么在昨晚的签字后画下了句号。我离婚了，我们没有争吵没有恨之入骨没有任何语言交流，你默默的收拾着东西，走前抱了我一下，是从我后面抱的我，记得大学的时候你座我摩托车时总是这么抱我。愿你前途灿烂，你我花开两朵天各一方。,1,0.5
349,看到你们都是北大的吓得我都不敢评论,0,0.5
350,路上撞见前男友猛然觉得他长得好丑和闺蜜聊天说他怎么那么丑我记得他帅过的呀闺蜜哈哈大笑他哪里是帅过是你爱过,1,0.5
351,明明是刘惜君的歌，看到的都是李荣浩,0,0.5
352,那天我在街上看到一棵奇形怪状的榕树，第一反应竟是拍下来给你看，我就知道我完了。,1,0.5
353,已经爱上了Panta.Q和JuliaWu这对CP了[星星]Drop中FutureBass与Brostep完美结合，简直升华了！[爱心]这首也真是感人，不仅仅是美妙的前奏，还是百听不腻的完美女声，只能说这次合作很无敌啊，真的好听！[奸笑],1,0.5
354,过来人告诉我，为你不了解的人失魂落魄是愚蠢的，这就像拨打电话，听到无法接通，甚至连未接来电都不是[心碎],0,0.5
355,女朋友在上体育课没时间评论，她前天晚上交待我要我替她说“希望陈叔万事胜意”她下课会第一时间听了,1,0.5
356,雪崩的时候没有一片雪花觉得自己有责任,0,0.5
357,曾经我是一个拥有重度抑郁症的人我整天躲在房间不敢出去后来在网上有个人劝我说他吃过全世界最好吃的小蛋糕让我要乐观哪天我去他的城市他会请我吃。后来因为种种原因，我吃到了一个蛋糕，很甜很香，很像那个人说的小蛋糕，我的抑郁症终于好转了，我现在特别想去找那个人，告诉他小蛋糕真好吃。,1,0.5
358,自从遇见你人生苦短甜长,1,0.5
359,别戒了吧抽烟比吃糖好至少知道自己难受——松源,0,0.5
360,我吃完一个五斤的西瓜，也没等到回复我的信息，我想这应该不是你不够喜欢我，而是这西瓜不够大。,0,0.5
361,可惜她不明白为什么人有时候要憋着不哭会说反话会言不由衷.,1,0.5
362,真的喜欢一个人无法形容她的美只是看着她就露出了藏不住的笑容发自内心发自肺腑发自深爱！,1,0.5
363,可能是那几年透支了太多的认真和热烈即便有重新开始的想法也没有重新开始的能力后来也有过一些跟别人接触的经历可是跟那几年的悸动不安欢笑泪水比起来总觉得他们少了那股干净又真诚的少年气“被你喜欢过很难再觉得别人喜欢我”“喜欢过你也很难再像那样喜欢别人”,1,0.5
364,可能猫也爱过你只是你回应得太炙热你爱猫猫喜欢爱而不得,1,0.5
365,金玟岐啊金玟岐，你怎么还不火，没理由啊。,0,0.5
366,你想要成为更好的人，必须经过这条路,1,0.5
367,巨她妈难过，我说不出,0,0.5
368,最痛苦的单身无非是，你用尽心思用尽感情的爱过一个人；然后分手后你再也没有胆量去爱人，也不敢接受别人的爱。一个人单着，又想结束这样的生活却又胆怯！致爱过的单身汪。,1,0.5
369,就在一分钟前刚刚分手了，打开云村突然看到老大发的新歌，哈哈哈哈哈哈哈哈！！！,1,0.5
370,一点都不好！！去土耳其把钱花光了！！,0,0.5
371,以前不喜欢王菲看来是没到年纪[哀伤][哀伤][哀伤],1,0.5
372,不好意思，今天我喜欢这首歌?,1,0.5
373,我今年8月就去当兵了我和她从小就认识我个子不高挺胖的嗯我把她介绍给比他小4岁的男的我后悔我不知道我有没有机会我就这么想把等我当完兵我就跟她表白到时候她可能为人妻为人母哈哈哈我好傻我想跟她说我想跟你去做一切你想做的事就这样我爱你我想为你重活一次刘梦馨,1,0.5
374,“春风十里不如你”是我第一部开了会员却舍不得跳过片头和片尾曲的电视剧。,0,0.5
375,刚分手，因为异地。她很喜欢薛之谦。眼看双11快到了，我买了《初学者》的专辑准备送给她当做礼物，可如今也只有默默送给自己。我最后看到她的动态是发了《其实》的歌词[哀伤]。“杨羊羊，我爱你[流感]”——我知道你们都是薛之谦的钟爱粉，能不能帮我顶一下，我相信她一定会看见。,1,0.5
376,哦!对了！这是经典的铡美案。包公砍陈师妹的那段。[怒]陈师妹这样的渣男就该砍！可惜现在陈世美那么多，像我这样貌潘安又专一的人不多了。,0,0.5
377,期待李圣杰翻唱李行亮的《愿得一人心》,1,0.5
378,总是喜欢把食物分成两类，好吃和不好吃的，却发现几乎没有不好吃的。总是想要把遇见的人归为两类，喜欢和不喜欢的，结果是极少遇到喜欢的。总是努力把各种事物划为两个极端，这样的和那样的，但直到遇见了你。总是想把你放进爱和恨的一个之中，可我也不知道，到底该把你放在哪儿。,1,0.5
379,爱一个人就是犯贱的开始，把自己卑微到尘土，只能怀念,1,0.5
380,“都是小人物，活着就行了。”,1,0.5
381,如果你认识从前的我，也许会原谅现在的我。——张爱玲送给阿正和阿浪父子。,1,0.5
382,作为一个纯路人，听过华晨宇的第一首歌是《异类》，不得不承认，华晨宇是一个有自己音乐态度的歌手，只是现在大多数人对于新声代选秀节目存在很大的偏见和误解。但华晨宇一直保持真我，不得不令人佩服。这三年，华晨宇的成长有目共睹。这首歌，很震撼！,1,0.5
383,第一次看《镇魂街》的时候才初中，从第一章开始追。如今已经大三了，《镇魂街》也不知道重温了几遍。曹焱兵的霸道，夏铃的呆萌，北落师门的真情，小亮的倔强……第一次感觉到有漫画在陪着自己成长。,1,0.5
384,你是我梦里不能交谈的少年。,1,0.5
385,徐一帆，不可能有人看到这个我的内心独白，发悄悄话的是我，跨年哭的不能自已的是我，2014最后一天趴在桌子上看你两节课的是我，都是我，你永远都不要知道，,0,0.5
386,在这个浮躁的年代，给流氓一把吉他吧，他们会把内心所有的美好和纯洁展露无疑。,1,0.5
387,去年，同样是高考，清晰的记着早上7点49分，刚下公交车的我，发现被偷了钱包，身份证也在里面，脑子一下宕机，什么都不敢想，我在路边呆呆站了好久，想了过去12年的点点滴滴，就因为自己的疏忽大意，一切就都变成了泡影，甚至起了轻生的念头。今年是第二年，听到这首歌又想起了很多，祝我成功。,1,0.5
388,真羡慕你们能在分分钟的时间里码出那么优美的文字，而我想半天也憋不出几个词儿来…我大概是个无趣的灵魂吧?,0,0.5
389,人要是矫情起来，听什么都像是在唱自己,0,0.5
390,“何为思念？”“日月，星辰，旷野雨落。”“可否具体？”“山川，江流，烟袅湖泊。”“可否再具体？”“万物是你，无可躲。”,0,0.5
391,人生不能太过圆满，久而不得未必是遗憾--陈粒《自渡》,1,0.5
392,“知道备胎为什么是圆的吗？”“因为方便滚啊。”,0,0.5
393,每个人心里，都有个过不去的人。不管你有多爱，都应知道，他在你的生命里只有两种结局，要么是终点，要么是路人，再无别的选择。,1,0.5
394,现在的喜欢好廉价，好友删了就什么都断了,0,0.5
395,人越长大越会明白世界上有一种最好的东西是得不到一开始你是我的秘密我怕你知道又怕你不知道又怕你知道却装作不知道我不说你不说又远又近那现在请让我以朋友的名义继续爱你不管陪在你身边的人是谁我只希望你幸福,1,0.5
396,错过其实就这么简单：“在男生的世界里，你爱我就不会走；在女生的世界里，你爱我就会来找我。所以，最后你没有挽留、我也没有回头。一瞬擦肩，一辈子没见。”,1,0.5
397,むかし、むかし，あるところには，いるふたり，そのふたりは，しあわせに，そのところには，ずっとくらし。很久很久以前，在某个小小地方，有两个小小的人。这两个小小的人，一直住在小小的地方，大大地幸福着。,1,0.5
398,很庆幸那天你删了我后，第二天是雨天，在雨水中，大街上没人注意到我控制不住的眼泪，借着雨势，那天我哭的酣畅淋漓。晚上还喊了关系好的哥们去吃饭，好好地倾诉了一番，之后还是一如既往的嘻嘻哈哈。那天是十月的武汉，后来每年十月的雨天，我都会感觉格外冷一些。,1,0.5
399,我的青春男声周杰伦，女声孙燕姿，没有另外。,1,0.5
400,元狩元年，淮南衡山事发，陵媗皆下狱。衿欲面之，叩未央宫，额血流地，上弗允。媗殒，衿亲葬于终南。后长安有歌曰：茔茔蔓草，岁岁不老；风雨如晦，死生为谁。,0,0.5
401,乔任梁，你不要再和我捉迷藏了,0,0.5
402,我在宿舍放这首歌的时候，有位室友说不好听，，于是我就偷偷的把他晾在卫生间的内裤给丢掉了[呆][呆],1,0.5
403,本来吧，特别不喜欢屈原的，他的离骚我从来都没读通过，太拌嘴了。现在才明白，原来屈原的文学作品不是用来背诵和朗读的，它应该用来吟唱。,0,0.5
404,年纪越大越会明白，少年时曾说过的话，不管多么情真意切，最后也终流于天真，但是有什么关系呢，那不代表它们就是谎言。我是真心希望，如你所言，在我之后，你再没有不能失去的东西。而我再爱上的人，也无一人像你一分。只愿你平安喜乐，愿我们今生，天涯永不再相见。,1,0.5
405,我叫郝鑫，每次有我在，同学都会点这歌。?,0,0.5
406,我闭目亲手献上一生的花圈，睁开眼两句挽联哭无声岁月，迟来的话时间喷薄成吊唁，你是人间的四月天，万古未变，永世不变，我想到了哥哥，四月将至,1,0.5
407,当年听了这首歌决定来南方读书，想想已经来南方六年了。,1,0.5
408,大学同学，喜欢她整整四年，因为她太漂亮太优秀，没敢表白。毕业后有次通了个电话，我告诉她当时很喜欢她，她沉默了三秒说她也是。“那我当时和你表白你会答应我么？”“会的，我会的。”她认真地说。,1,0.5
409,那时我们有梦，关于文学，关于爱情，关于穿越世界的旅行。如今我们深夜饮酒，杯子碰到一起，都是梦破碎的声音……,1,0.5
410,你的未来拿不出手，谁会听你凄惨的过去...,0,0.5
411,曾经和喜欢的女孩一起谈论当我们老了会怎么样，她说她会给我泡杯茶坐在我旁边，一边晒着太阳，一边回忆年轻的事，直到看尽夕阳的余晖。如今一别竟已八年，阔别一方不知道现在的她还好吗，过得怎么样。当年喜欢上她用了两年，八年了我竟还没完全忘了她，夜深人静的时候偶尔还会想起她，[流泪]唯愿一切好,1,0.5
412,人要是矫情起来听什么都像在唱自己,0,0.5
413,之前听着这歌时S4被偷了，真的要注意方圆几里！！！,0,0.5
414,“你们有125个共同好友，是否要添加对方为好友。”,0,0.5
415,f4已然活在召唤师峡谷,1,0.5
416,在华南理工大学自习的同学们，请记得把手机调到静音或者震动状态。,1,0.5
417,想把我唱给你听，可是我唱的好难听[呆],0,0.5
418,我听这首歌时我的高考成绩出来了，去理想的学校稳稳的。虽然它只是个二本，我却盼了它半年，终于可以去见我喜欢的人了。[呆],1,0.5
419,有些人，无论你用什么方式爱她，到了最后，都是错的。,1,0.5
420,黑豹还唱着窦唯写的歌到处混钱，窦唯却没再唱过在黑豹写的歌。,0,0.5
421,声音辨识度最高女歌手：张韶涵,1,0.5
422,第一次听这首歌是在高二的时候班里有个人唱的，现在听起，想到的都是那个时候的画面。嗯，很怀念。那句话说的不错，我们用初中高中六年来期待大学生活，而大学一直都在怀念中学六年。[哀伤],1,0.5
423,“非得等到自己开始讨厌自己了才懂得怎么诚实面对自己想要的”[爱心],0,0.5
424,每当有人问起，为什么我不恋爱的时候，我都以麻烦为由搪塞过去。又有人开始问我到底喜欢过谁没有，我也轻描淡写地表示否定。无数的朋友告诉我，或许是你还没碰到过真正喜欢的人吧，我却没法开口告诉他们，其实我曾经碰到过，碰得太早，以至于我没来得及分清，也没来得及弄明白。,0,0.5
425,不是你马不停蹄就能到达目的地的，即使你的旅程只是坐着不动，默默等待。偶尔你得在小道上驻足，欣赏风景，看着窗外的一小朵云，一棵树。你得看看你以前不曾看见的东西。然后，你还得睡觉。——《一个人的朝圣》,1,0.5
426,我们的征途是星辰大海。,1,0.5
427,最后悔的是大二上学期歌手大赛后有个乐队找我做主唱，当时自己装逼地说只唱民谣，我靠现在后悔的不行不行，大学里最后悔的一件事，没有疯狂起来。,0,0.5
428,第二句知寒咬字听一百遍不会腻,1,0.5
429,有一个女孩儿，和我出门，吊带热裤人字拖。裙子露背衣随便穿，打扮的漂漂亮亮，不会穿打底裤。她从不担心，因为她知道我拼了命也会保护她周全与隐私。可是我还是甩了她哟。离分开已经1年4个月零21天。可是我现在很丑啊，已经剃了光头，可是我已经躺床躺了8个月啊，可是我。。得了癌啊。宝贝儿?,0,0.5
430,以前逛街买衣服下馆子点菜我一眼扫过去他总能知道我想要哪个可每次他都只说是巧合分手好久之后同学会又碰上了买刨冰那会我正在看样品刚要点又被他选中了我一直追问他只是笑吃完饭在KTV嘈杂中他坐在对面发来短信说我只是能认出你喜欢的那个眼神因为我在里面住过好几年,1,0.5
431,第一最好不相见，如此便可不相恋。第二最好不相知，如此便可不相思。第三最好不相伴，如此便可不相欠。第四最好不相惜，如此便可不相忆。第五最好不相爱，如此便可不相弃。第六最好不相对，如此便可不相会。第七最好不相误，如此便可不相负。第八最好不相许，如此便可不相续。。。,0,0.5
432,这里是喜欢音乐的朋友们的讨论地方，希望自己注意自己的言辞！做个有素质的音乐发烧友！,1,0.5
433,混蛋！我不会在为你哭了！睫毛膏这么贵,0,0.5
434,最爱的女歌手—刘惜君。没有之一。虽然比她红比她唱功好的人大有人在，但六年前不经意一瞥的快女中，一眼相中了她，然后义无反顾的爱了6年，这是我唯一看过的一届快女也是我发誓最后一次看快女。这首歌绝对算是我高中的成名曲，大概是和她神似，后来大家都叫我谢惜君。我爱你，不管你红不红，我就爱你,1,0.5
435,"听这首歌，总是不自觉的想起喜欢的女生跟我说:""我怕打雷，所以以后打雷了你能不能打电话陪我聊聊天？""我笑着说好，后来却没能履行自己的承诺，现在已经好久没有联系，那个我喜欢的她，我好后悔我对她做的那些事情，我好想她…",1,0.5
436,以前听歌只是单纯的觉得好听而已，现在听歌听的更多的是感触~！,1,0.5
437,你还记得我们一起坐公交车吗？车上除了司机只有我们两个人，快到终点站时司机播放这首歌。我在想司机是不是故意的？[可爱]如今各奔天涯，曾经你说，只要你一个电话，我就会飞奔而来，如今你生活美满。我只能呵呵了[流泪][流泪][流泪]别赞，他看不到,1,0.5
438,2012.06.12-2016.06.12，虽然是四年的时间，但好像过了一辈子，我还是会每天翻你的微博，看到你凌晨赞的微博还是会心疼你晚睡，依旧会好奇你没有听什么歌，但是会退出登陆小心翼翼的和你听一样的歌，我会关心你的所有所有，但是我尽我所能不让你知道，我可以忘记你，不怪缘浅情深，只道彼此珍重。,1,0.5
439,这是我兄弟最喜欢的歌，每次去ktv他必点，现在他不在了，葬礼那天我一直都在单曲循环，走好，想我们了就来梦中，我们一直等你,1,0.5
440,乍一听有种现已加入肯德基豪华午餐感觉。。,0,0.5
441,国足是会呼吸的痛，你总说时间还很多，可我等了四年又四年…真的心好累…,1,0.5
442,《头文字D》10年后，周杰伦和陈冠希还是好友，甚至周杰伦还在陈冠希最低谷伸出援手。如果没有艳照门，现在粤语乐坛老大可能就不是陈奕迅。,1,0.5
443,还记得我妈在家听我给她唱过一遍后，逼我在她的同学聚会ktv里唱这歌。,1,0.5
444,谢三哥，我这辈子从没说过一个谢字。,0,0.5
445,又到一年三月，一手拿着苹果，一手拿着安卓，听原版的《米店》,1,0.5
446,我怕你嫌我吵闹忍住了自己没有和你联系，我把长发扎起，我拒绝他们的好意，我一遍遍听我想要更好更圆的月亮我想要你，我一页页地写在纸上都是你的名，我总是不自觉地决堤。不管你是否愿意，clf，我很想你，无时无刻。,1,0.5
447,比如我这种人就不适合恋爱因为爱会唤醒我的占有欲控制欲疑心也会勾引出我的狭隘自私敏感而这每一种情绪都足以令我和与我爱的人痛苦且越爱越严重,0,0.5
448,最喜欢看网易评论了！说不定还能碰到小学同学？初中同学？高中同学？大学同学？呵呵?,1,0.5
449,上个月你结婚了，新娘和你很般配，嗯。你从当年的小男生长成了大男孩。亲她的时候，我突然想起高二那个中午，你偷亲我，你不知道的是，其实当时我没有睡着。现在我也有了女朋友，准备明年结婚了，祝彼此幸福。,1,0.5
450,有些歌不敢轻易去听，害怕这种感觉听多了变淡了(；一_一),0,0.5
451,做数学题听棒呆～身为高三狗最近喜欢一个男孩子，心烦死了，特别影响学习。男孩别哭，我不再烦你[生病],0,0.5
452,不撩吧，说这个男生真沉闷，撩吧，就说这男生不认真，你们女生呦！！！！善变的样子真可爱呢[憨笑],1,0.5
453,在餐厅里唱雷子的歌，被客人轰了下来，因为不够“带劲”。不等老板炒我，我就辞职了。我想我再也不去酒吧餐厅这种地方驻唱了，还是在街头安静唱着，让懂的人懂，让不懂的人不懂。歌像人一样，都是有灵魂的。旋律和节奏只是外在，他们要的只是表面上的“好听”。不是所有人都能看到和听到灵魂。,0,0.5
454,欲买桂花同载酒终不似少年游,1,0.5
455,千万不要因为忘不了回忆跟前任复合。只会重蹈覆辙，你要学会抛弃那些过去，一个人好好的往前走。,0,0.5
456,所谓骑士总能救出公主，是因为恶龙从没伤害过她。,0,0.5
457,为了一个不爱你，不关心你，不认可你的人，伤心，心痛，怀疑否定自己，甚至寝食难安，这样对自己真的好吗！！！面对不珍惜你的人，就应该头也不要回的狠狠甩掉才是啊！然后好好爱自己，好好爱珍惜你的人才是啊！,0,0.5
458,如果有机会路过安和桥，还请大家不要往桥上写字刻字，那是我家，它现在已经变成个没灵魂的水泥桥了，本来就心疼，看到桥上刻的乱七八糟的，更难受。也别说什么宋冬野你骗人，桥下的水一点也不清澈！安和桥下一直是条臭河，重要的是人心里清澈，河也就清了。——宋冬野新浪微博14.11.09,0,0.5
459,真的很开心啊，马上要做一个成功率超级低的心脏手术，打开网易云就看到老薛发歌了。希望自己能活着回来听下一首??这个世界，真好，我还想再看看。,1,0.5
460,我梦寐以求是真爱和自由。这一句歌词太牛逼了。,1,0.5
461,去年高考前几个月出的专辑，我最爱这首。并不是为感情问题悲伤，而是压抑的高中没有情绪宣泄的地方。高考完后，十月份JJ在上海时线演唱会上唱这首歌屏幕上放了一个动画，简单地描绘了一个人的仓促人生，默默人群中我眼泪不止地流，原来并不是上了大学就解脱。人只要活着，就要学会受累。,1,0.5
462,我再也没有给你留过言再也没有主动找过你再也没有给你打过电话再也没有给你发过短信看见你只会擦肩而过微微一笑出于礼貌甚至当做路人笑都不笑不是我装清高不食人间烟火而是你错过了当初认真的我,0,0.5
463,很喜欢这首歌，虽然我是男的，好像还比较直,1,0.5
464,和发小走在回家的路上，下过雨，地很湿，和她分享了耳机，正在放这首歌。很温馨，无关风月，只是友情，十五年的友情。,1,0.5
